asctime,name,topic from,topic to,frame,offset received,frame delay,msg creation delay,consume time,size data received,process time,size data sent,send time,offset sent
2023/05/31 13:42:36.215,LocalForwarder2,result,result,2,302,9630.46,181.41,151171.5,0.32,0.01,0.32,5.72,2
2023/05/31 13:42:36.354,LocalForwarder2,result,result,5,303,9377.02,171.68,140.44,0.32,0.01,0.32,3.01,4
2023/05/31 13:42:36.585,LocalForwarder2,result,result,6,304,9593.07,171.75,228.16,0.32,0.01,0.32,3.47,5
2023/05/31 13:42:37.280,LocalForwarder2,result,result,10,305,9317.06,171.4,684.57,0.32,0.01,0.32,11.37,8
2023/05/31 13:42:37.621,LocalForwarder2,result,result,11,306,9667.02,179.38,348.2,0.32,0.01,0.32,3.26,10
2023/05/31 13:42:37.982,LocalForwarder2,result,result,12,307,10001.63,171.17,358.99,0.32,0.01,0.32,3.16,12
2023/05/31 13:42:38.201,LocalForwarder2,result,result,15,308,9414.28,171.71,216.79,0.32,0.01,0.32,3.16,14
2023/05/31 13:42:38.577,LocalForwarder2,result,result,17,309,9347.35,171.02,370.57,0.32,0.01,0.32,6.99,15
2023/05/31 13:42:38.923,LocalForwarder2,result,result,18,310,9681.45,177.74,347.71,0.32,0.01,0.32,3.32,17
2023/05/31 13:42:39.663,LocalForwarder2,result,result,20,311,10139.59,172.89,738.23,0.32,0.01,0.32,3.18,19
2023/05/31 13:42:43.009,LocalForwarder2,result,result,21,312,13278.66,176.99,3341.27,0.32,0.01,0.32,6.74,20
2023/05/31 13:42:49.653,LocalForwarder2,result,result,23,313,19561.6,177.24,6641.43,0.32,0.01,0.32,7.19,22
2023/05/31 13:42:56.890,LocalForwarder2,result,result,2,314,6707.67,171.81,7234.64,0.32,0.01,0.32,7.23,23
2023/05/31 13:42:57.070,LocalForwarder2,result,result,26,315,20301.7,171.9,182.28,0.32,0.01,0.32,3.43,25
2023/05/31 13:42:57.757,LocalForwarder2,result,result,27,316,20957.97,170.46,685.85,0.32,0.01,0.32,3.06,26
2023/05/31 13:43:05.523,LocalForwarder2,result,result,5,317,3118.38,178.74,7755.89,0.32,0.02,0.32,10.17,28
2023/05/31 13:43:07.754,LocalForwarder2,result,result,6,318,5340.35,177.58,2231.82,0.32,0.01,0.32,6.54,29
2023/05/31 13:43:21.562,LocalForwarder2,result,result,10,319,3275.85,173.11,13806.73,0.32,0.01,0.32,6.55,35
2023/05/31 13:43:24.226,LocalForwarder2,result,result,11,320,5917.42,178.18,2665.21,0.32,0.01,0.32,3.05,40
2023/05/31 13:43:25.536,LocalForwarder2,result,result,34,321,10175.43,178.37,1302.35,0.32,0.01,0.32,8.94,41
2023/05/31 13:43:28.078,LocalForwarder2,result,result,12,322,9758.5,177.28,2546.0,0.32,0.01,0.32,3.19,43
2023/05/31 13:43:29.223,LocalForwarder2,result,result,36,323,10963.34,170.62,1142.52,0.32,0.01,0.32,3.5,45
2023/05/31 13:43:29.849,LocalForwarder2,result,result,37,324,11590.1,177.38,625.0,0.32,0.01,0.32,3.16,47
2023/05/31 13:43:30.141,LocalForwarder2,result,result,38,325,11846.01,170.96,285.65,0.32,0.01,0.32,6.93,48
2023/05/31 13:43:30.860,LocalForwarder2,result,result,15,326,1539.42,170.98,721.27,0.32,0.01,0.32,3.13,50
2023/05/31 13:43:31.317,LocalForwarder2,result,result,41,327,9510.7,176.71,455.99,0.32,0.01,0.32,2.81,53
2023/05/31 13:43:31.982,LocalForwarder2,result,result,42,328,10156.01,171.67,659.22,0.32,0.01,0.32,6.17,54
2023/05/31 13:43:32.556,LocalForwarder2,result,result,17,329,1190.97,175.2,575.65,0.32,0.01,0.32,3.16,55
2023/05/31 13:43:32.741,LocalForwarder2,result,result,43,330,10902.72,170.45,183.46,0.32,0.01,0.32,3.14,56
2023/05/31 13:43:33.359,LocalForwarder2,result,result,45,331,10701.51,170.85,612.64,0.32,0.01,0.32,6.84,58
2023/05/31 13:43:33.885,LocalForwarder2,result,result,47,332,9648.22,183.94,527.28,0.32,0.01,0.32,2.99,60
2023/05/31 13:43:34.456,LocalForwarder2,result,result,18,333,3061.79,172.87,568.96,0.32,0.01,0.32,3.25,62
2023/05/31 13:43:34.583,LocalForwarder2,result,result,48,334,10327.3,170.67,121.96,0.32,0.01,0.32,6.27,63
2023/05/31 13:43:35.149,LocalForwarder2,result,result,49,335,10623.45,175.34,567.84,0.32,0.01,0.32,3.37,65
2023/05/31 13:43:35.513,LocalForwarder2,result,result,51,336,10134.46,170.29,362.13,0.32,0.01,0.32,2.84,66
2023/05/31 13:43:36.024,LocalForwarder2,result,result,52,337,10231.01,171.55,471.41,0.32,0.02,0.32,39.93,67
2023/05/31 13:43:36.757,LocalForwarder2,result,result,54,338,10307.83,177.3,768.96,0.32,0.01,0.32,3.07,69
2023/05/31 13:43:37.289,LocalForwarder2,result,result,55,339,10601.75,178.78,527.68,0.32,0.01,0.32,5.76,71
2023/05/31 13:43:37.415,LocalForwarder2,result,result,20,340,2605.18,171.21,126.72,0.32,0.01,0.32,2.98,72
2023/05/31 13:43:38.117,LocalForwarder2,result,result,56,341,10961.2,176.14,700.16,0.32,0.01,0.32,3.28,74
2023/05/31 13:43:38.513,LocalForwarder2,result,result,58,342,10395.83,170.49,390.6,0.32,0.01,0.32,7.09,75
2023/05/31 13:43:39.483,LocalForwarder2,result,result,61,343,9390.41,179.36,972.02,0.38,0.01,0.38,3.0,79
2023/05/31 13:43:39.620,LocalForwarder2,result,result,21,344,4799.48,169.71,135.53,0.32,0.01,0.32,2.85,80
2023/05/31 13:43:40.103,LocalForwarder2,result,result,62,345,10006.9,171.85,477.38,0.38,0.01,0.38,6.24,81
2023/05/31 13:43:40.532,LocalForwarder2,result,result,63,346,10408.63,169.86,431.15,0.38,0.01,0.38,3.04,83
2023/05/31 13:43:41.178,LocalForwarder2,result,result,23,347,3627.2,176.41,643.69,0.32,0.01,0.32,3.08,85
2023/05/31 13:43:41.895,LocalForwarder2,result,result,67,348,9383.05,170.11,714.86,0.38,0.01,0.38,2.96,88
2023/05/31 13:43:42.297,LocalForwarder2,result,result,68,349,9784.85,169.92,399.98,0.38,0.01,0.38,2.97,89
2023/05/31 13:43:42.734,LocalForwarder2,result,result,69,350,10179.53,177.83,433.16,0.38,0.01,0.38,6.04,91
2023/05/31 13:43:43.144,LocalForwarder2,result,result,72,351,9165.52,171.94,410.41,0.32,0.01,0.32,3.26,93
2023/05/31 13:43:43.705,LocalForwarder2,result,result,74,352,9260.15,172.04,560.32,0.32,0.01,0.32,2.88,94
2023/05/31 13:43:44.750,LocalForwarder2,result,result,76,353,9449.46,185.78,1041.98,0.32,0.02,0.32,3.6,97
2023/05/31 13:43:45.952,LocalForwarder2,result,result,26,354,4024.37,176.58,1196.96,0.32,0.01,0.32,6.2,101
2023/05/31 13:43:46.665,LocalForwarder2,result,result,82,355,9225.44,169.78,714.32,0.32,0.01,0.32,3.4,103
2023/05/31 13:43:47.052,LocalForwarder2,result,result,83,356,9597.11,170.07,385.46,0.32,0.01,0.32,3.23,106
2023/05/31 13:43:47.324,LocalForwarder2,result,result,27,357,5359.22,177.47,266.59,0.32,0.01,0.32,6.41,107
2023/05/31 13:43:47.669,LocalForwarder2,result,result,85,358,9366.9,170.64,347.36,0.32,0.01,0.32,2.91,108
2023/05/31 13:43:48.162,LocalForwarder2,result,result,86,359,9841.58,170.13,490.65,0.32,0.01,0.32,2.92,111
2023/05/31 13:43:49.062,LocalForwarder2,result,result,89,360,9378.4,176.97,898.07,0.32,0.01,0.32,3.04,114
2023/05/31 13:43:49.647,LocalForwarder2,result,result,91,361,9268.57,170.09,583.3,0.32,0.01,0.32,2.86,116
2023/05/31 13:43:50.221,LocalForwarder2,result,result,93,362,9319.8,170.85,569.01,0.32,0.01,0.32,5.94,119
2023/05/31 13:43:50.726,LocalForwarder2,result,result,94,363,9812.66,183.34,506.67,0.32,0.01,0.32,3.12,120
2023/05/31 13:43:51.382,LocalForwarder2,result,result,95,364,10451.14,170.47,651.96,0.32,0.02,0.32,4.19,122
2023/05/31 13:43:51.865,LocalForwarder2,result,result,98,365,9295.13,172.59,483.19,0.32,0.01,0.32,2.91,125
2023/05/31 13:43:52.632,LocalForwarder2,result,result,101,366,9261.7,176.3,765.02,0.32,0.01,0.32,2.71,129
2023/05/31 13:43:53.242,LocalForwarder2,result,result,103,367,9327.28,170.03,608.02,0.32,0.01,0.32,2.91,131
2023/05/31 13:43:54.272,LocalForwarder2,result,result,106,368,9250.45,177.37,1028.54,0.32,0.01,0.32,2.78,135
2023/05/31 13:43:55.238,LocalForwarder2,result,result,34,369,1253.56,171.0,964.76,0.32,0.01,0.32,2.83,138
2023/05/31 13:43:55.672,LocalForwarder2,result,result,110,370,9285.81,178.56,430.51,0.32,0.01,0.32,3.25,141
2023/05/31 13:43:56.096,LocalForwarder2,result,result,111,371,9707.51,170.23,419.65,0.32,0.01,0.32,6.41,142
2023/05/31 13:43:56.599,LocalForwarder2,result,result,113,372,9575.15,170.23,504.19,0.38,0.01,0.38,3.22,144
2023/05/31 13:43:56.733,LocalForwarder2,result,result,36,373,993.59,171.46,132.47,0.32,0.01,0.32,3.15,145
2023/05/31 13:43:57.546,LocalForwarder2,result,result,116,374,9316.32,177.14,807.82,0.38,0.01,0.38,6.07,147
2023/05/31 13:43:57.952,LocalForwarder2,result,result,37,375,2182.96,171.02,407.21,0.32,0.01,0.32,3.13,150
2023/05/31 13:43:58.438,LocalForwarder2,result,result,118,376,9352.91,171.82,482.72,0.38,0.02,0.38,3.74,152
2023/05/31 13:43:59.294,LocalForwarder2,result,result,121,377,9268.83,176.45,855.24,0.38,0.01,0.38,3.09,155
2023/05/31 13:43:59.774,LocalForwarder2,result,result,122,378,9748.4,171.03,477.51,0.38,0.01,0.38,3.3,156
2023/05/31 13:44:00.242,LocalForwarder2,result,result,38,379,4438.42,170.74,464.44,0.32,0.01,0.32,3.67,157
2023/05/31 13:44:00.457,LocalForwarder2,result,result,124,380,9829.06,171.23,210.4,0.38,0.01,0.38,6.59,159
2023/05/31 13:44:00.927,LocalForwarder2,result,result,125,381,10287.08,176.89,471.84,0.38,0.01,0.38,3.06,160
2023/05/31 13:44:02.031,LocalForwarder2,result,result,129,382,9264.59,170.06,1102.43,0.38,0.01,0.38,3.03,165
2023/05/31 13:44:02.454,LocalForwarder2,result,result,130,383,9674.63,177.92,420.94,0.38,0.01,0.38,2.93,166
2023/05/31 13:44:03.008,LocalForwarder2,result,result,131,384,10202.95,170.31,552.45,0.38,0.01,0.38,3.02,168
2023/05/31 13:44:03.333,LocalForwarder2,result,result,41,385,1789.35,172.93,322.29,0.38,0.01,0.38,3.2,170
2023/05/31 13:44:03.458,LocalForwarder2,result,result,134,386,9229.15,170.39,123.53,0.38,0.01,0.38,2.88,171
2023/05/31 13:44:03.819,LocalForwarder2,result,result,135,387,9579.67,175.93,358.65,0.38,0.01,0.38,3.4,172
2023/05/31 13:44:04.245,LocalForwarder2,result,result,136,388,9989.53,170.83,423.97,0.38,0.01,0.38,2.99,174
2023/05/31 13:44:04.586,LocalForwarder2,result,result,137,389,9948.86,169.9,337.4,0.38,0.01,0.38,5.7,175
2023/05/31 13:44:04.993,LocalForwarder2,result,result,42,390,3435.89,172.16,407.57,0.38,0.01,0.38,2.85,177
2023/05/31 13:44:05.131,LocalForwarder2,result,result,138,391,10085.48,176.66,136.75,0.38,0.01,0.38,2.97,178
2023/05/31 13:44:05.346,LocalForwarder2,result,result,139,392,9892.6,170.95,213.52,0.38,0.01,0.38,2.81,179
2023/05/31 13:44:05.829,LocalForwarder2,result,result,140,393,10083.98,170.71,476.98,0.38,0.01,0.38,6.37,181
2023/05/31 13:44:06.258,LocalForwarder2,result,result,43,394,4679.76,170.43,430.93,0.38,0.01,0.38,2.93,182
2023/05/31 13:44:06.454,LocalForwarder2,result,result,144,395,9371.64,177.48,194.2,0.38,0.01,0.38,2.85,183
2023/05/31 13:44:06.968,LocalForwarder2,result,result,145,396,9869.45,169.93,511.7,0.38,0.01,0.38,3.03,185
2023/05/31 13:44:07.363,LocalForwarder2,result,result,146,397,10246.12,170.23,390.49,0.38,0.01,0.38,6.08,186
2023/05/31 13:44:07.977,LocalForwarder2,result,result,147,398,10329.58,177.39,615.31,0.38,0.01,0.38,3.07,188
2023/05/31 13:44:08.115,LocalForwarder2,result,result,45,399,2853.73,171.07,135.93,0.38,0.01,0.38,3.08,189
2023/05/31 13:44:08.382,LocalForwarder2,result,result,148,400,10263.44,170.58,265.81,0.38,0.01,0.38,2.83,191
2023/05/31 13:44:08.731,LocalForwarder2,result,result,149,401,10161.52,170.27,344.92,0.38,0.01,0.38,5.5,192
2023/05/31 13:44:09.106,LocalForwarder2,result,result,150,402,9974.49,169.88,375.89,0.38,0.01,0.38,2.68,193
2023/05/31 13:44:09.535,LocalForwarder2,result,result,151,403,9995.32,179.5,426.89,0.38,0.01,0.38,2.86,194
2023/05/31 13:44:09.658,LocalForwarder2,result,result,47,404,1131.25,171.05,120.57,0.32,0.01,0.32,3.05,195
2023/05/31 13:44:10.127,LocalForwarder2,result,result,152,405,10171.77,170.24,467.44,0.38,0.01,0.38,3.27,197
2023/05/31 13:44:10.592,LocalForwarder2,result,result,154,406,10206.03,169.93,462.76,0.38,0.01,0.38,2.97,198
2023/05/31 13:44:11.169,LocalForwarder2,result,result,156,407,10471.93,176.75,575.93,0.38,0.01,0.38,2.99,201
2023/05/31 13:44:11.848,LocalForwarder2,result,result,48,408,3283.7,170.32,673.88,0.38,0.01,0.38,6.1,202
2023/05/31 13:44:12.025,LocalForwarder2,result,result,158,409,10557.6,171.57,177.45,0.38,0.01,0.38,3.32,204
2023/05/31 13:44:12.949,LocalForwarder2,result,result,161,410,9483.14,179.97,922.83,0.38,0.01,0.38,2.99,205
2023/05/31 13:44:13.662,LocalForwarder2,result,result,162,411,10196.81,170.63,712.0,0.38,0.01,0.38,2.84,207
2023/05/31 13:44:14.257,LocalForwarder2,result,result,49,412,5671.19,176.97,593.34,0.38,0.01,0.38,2.8,209
2023/05/31 13:44:14.620,LocalForwarder2,result,result,165,413,9392.41,171.13,350.34,0.38,0.01,0.38,13.32,210
2023/05/31 13:44:15.373,LocalForwarder2,result,result,167,414,9306.5,170.75,759.64,0.38,0.01,0.38,4.11,212
2023/05/31 13:44:15.725,LocalForwarder2,result,result,51,415,4556.79,189.53,351.94,0.38,0.01,0.38,2.92,214
2023/05/31 13:44:16.034,LocalForwarder2,result,result,169,416,9261.36,171.36,305.56,0.38,0.01,0.38,3.91,216
2023/05/31 13:44:16.399,LocalForwarder2,result,result,52,417,4131.97,170.48,363.69,0.43,0.01,0.43,2.89,218
2023/05/31 13:44:16.737,LocalForwarder2,result,result,171,418,9291.05,171.55,336.34,0.38,0.01,0.38,2.86,220
2023/05/31 13:44:17.779,LocalForwarder2,result,result,54,419,1337.18,182.38,1040.15,0.38,0.02,0.38,2.87,223
2023/05/31 13:44:18.143,LocalForwarder2,result,result,175,420,9283.64,169.68,362.55,0.38,0.01,0.38,2.73,224
2023/05/31 13:44:18.952,LocalForwarder2,result,result,176,421,10091.94,171.98,806.52,0.38,0.01,0.38,3.04,226
2023/05/31 13:44:19.092,LocalForwarder2,result,result,55,422,2640.54,175.78,138.97,0.43,0.01,0.43,3.06,227
2023/05/31 13:44:19.817,LocalForwarder2,result,result,56,423,3193.38,170.35,722.78,0.43,0.01,0.43,2.88,230
2023/05/31 13:44:20.795,LocalForwarder2,result,result,58,424,674.79,178.25,974.61,0.43,0.01,0.43,3.54,232
2023/05/31 13:44:24.457,LocalForwarder2,result,result,181,425,11295.81,176.48,3657.08,0.38,0.01,0.38,6.2,235
2023/05/31 13:44:26.348,LocalForwarder2,result,result,182,426,13174.58,175.91,1892.48,0.38,0.01,0.38,3.27,238
2023/05/31 13:44:27.965,LocalForwarder2,result,result,61,427,2992.19,177.01,1613.38,0.38,0.01,0.38,5.79,240
2023/05/31 13:44:28.457,LocalForwarder2,result,result,185,428,9881.05,169.48,492.77,0.38,0.01,0.38,2.95,241
2023/05/31 13:44:28.898,LocalForwarder2,result,result,186,429,10306.4,170.9,439.64,0.38,0.01,0.38,2.9,243
2023/05/31 13:44:29.675,LocalForwarder2,result,result,189,430,9361.41,175.85,771.18,0.38,0.01,0.38,6.02,245
2023/05/31 13:44:30.065,LocalForwarder2,result,result,190,431,9732.41,169.88,392.2,0.38,0.02,0.38,2.91,247
2023/05/31 13:44:30.490,LocalForwarder2,result,result,192,432,9252.97,170.21,422.49,0.38,0.01,0.38,3.16,249
2023/05/31 13:44:31.066,LocalForwarder2,result,result,62,433,6079.26,176.11,570.95,0.38,0.01,0.38,5.63,251
2023/05/31 13:44:31.563,LocalForwarder2,result,result,195,434,9398.41,169.88,498.92,0.38,0.01,0.38,2.65,252
2023/05/31 13:44:31.861,LocalForwarder2,result,result,63,435,6857.29,169.7,295.95,0.38,0.01,0.38,2.86,254
2023/05/31 13:44:32.168,LocalForwarder2,result,result,196,436,10003.0,169.5,305.04,0.38,0.01,0.38,2.83,255
2023/05/31 13:44:32.649,LocalForwarder2,result,result,198,437,9650.99,177.68,479.29,0.38,0.01,0.38,3.0,258
2023/05/31 13:44:33.044,LocalForwarder2,result,result,199,438,10045.33,171.03,392.57,0.38,0.01,0.38,2.89,259
2023/05/31 13:44:33.661,LocalForwarder2,result,result,200,439,10252.76,171.7,613.62,0.38,0.01,0.38,3.79,261
2023/05/31 13:44:34.171,LocalForwarder2,result,result,201,440,10327.69,175.4,506.32,0.38,0.01,0.38,5.66,263
2023/05/31 13:44:34.563,LocalForwarder2,result,result,202,441,10344.34,171.02,393.89,0.38,0.01,0.38,2.73,264
2023/05/31 13:44:34.936,LocalForwarder2,result,result,203,442,10091.08,170.76,369.89,0.38,0.01,0.38,3.35,266
2023/05/31 13:44:35.394,LocalForwarder2,result,result,204,443,10032.12,175.61,452.47,0.38,0.01,0.38,6.32,267
2023/05/31 13:44:35.725,LocalForwarder2,result,result,67,444,685.33,169.87,333.51,0.32,0.01,0.32,2.65,268
2023/05/31 13:44:36.077,LocalForwarder2,result,result,205,445,10335.38,170.55,348.77,0.38,0.01,0.38,3.32,270
2023/05/31 13:44:36.499,LocalForwarder2,result,result,207,446,10352.11,170.48,421.14,0.38,0.01,0.38,2.7,271
2023/05/31 13:44:36.991,LocalForwarder2,result,result,68,447,1943.84,176.39,490.16,0.32,0.01,0.32,3.04,273
2023/05/31 13:44:37.909,LocalForwarder2,result,result,69,448,2846.48,170.03,912.82,0.32,0.01,0.32,6.01,276
2023/05/31 13:44:38.524,LocalForwarder2,result,result,213,449,9331.51,175.21,616.43,0.38,0.01,0.38,2.82,279
2023/05/31 13:44:38.946,LocalForwarder2,result,result,214,450,9737.04,169.72,413.73,0.38,0.01,0.38,8.5,280
2023/05/31 13:44:39.508,LocalForwarder2,result,result,215,451,10283.95,169.5,566.98,0.38,0.01,0.38,3.02,282
2023/05/31 13:44:40.011,LocalForwarder2,result,result,217,452,10111.77,175.24,500.84,0.38,0.01,0.38,2.81,284
2023/05/31 13:44:40.585,LocalForwarder2,result,result,219,453,9774.78,170.4,572.36,0.38,0.01,0.38,3.07,286
2023/05/31 13:44:41.024,LocalForwarder2,result,result,220,454,10187.18,173.3,433.94,0.38,0.01,0.38,5.58,287
2023/05/31 13:44:41.168,LocalForwarder2,result,result,72,455,988.74,170.75,143.71,0.32,0.01,0.32,3.68,288
2023/05/31 13:44:41.504,LocalForwarder2,result,result,221,456,10207.03,179.97,336.36,0.38,0.01,0.38,2.66,289
2023/05/31 13:44:41.970,LocalForwarder2,result,result,222,457,10200.7,169.91,464.07,0.38,0.01,0.38,2.63,292
2023/05/31 13:44:42.790,LocalForwarder2,result,result,226,458,9306.77,176.52,814.77,0.38,0.01,0.38,5.85,294
2023/05/31 13:44:43.281,LocalForwarder2,result,result,227,459,9788.78,172.05,491.83,0.38,0.01,0.38,3.08,296
2023/05/31 13:44:43.415,LocalForwarder2,result,result,74,460,1280.96,170.15,132.37,0.32,0.01,0.32,2.8,297
2023/05/31 13:44:43.771,LocalForwarder2,result,result,229,461,9310.15,170.25,354.29,0.38,0.01,0.38,3.27,299
2023/05/31 13:44:44.334,LocalForwarder2,result,result,230,462,9867.84,175.09,558.64,0.38,0.01,0.38,5.5,300
2023/05/31 13:44:44.775,LocalForwarder2,result,result,231,463,10274.98,170.42,441.5,0.38,0.01,0.38,2.86,303
2023/05/31 13:44:45.364,LocalForwarder2,result,result,234,464,9260.99,170.72,587.53,0.38,0.01,0.38,2.74,305
2023/05/31 13:44:45.873,LocalForwarder2,result,result,235,465,9751.09,175.47,503.92,0.38,0.01,0.38,5.79,306
2023/05/31 13:44:46.302,LocalForwarder2,result,result,237,466,9498.23,170.88,427.39,0.38,0.01,0.38,4.86,308
2023/05/31 13:44:46.896,LocalForwarder2,result,result,239,467,9357.0,170.81,595.02,0.38,0.01,0.38,2.57,310
2023/05/31 13:44:47.274,LocalForwarder2,result,result,76,468,2158.24,174.67,373.21,0.38,0.01,0.38,5.54,311
2023/05/31 13:44:47.638,LocalForwarder2,result,result,241,469,9313.16,170.68,365.25,0.38,0.01,0.38,2.86,312
2023/05/31 13:44:48.101,LocalForwarder2,result,result,242,470,9760.7,170.9,461.52,0.38,0.01,0.38,2.99,314
2023/05/31 13:44:48.933,LocalForwarder2,result,result,244,471,9489.9,445.98,829.47,0.38,0.01,0.38,3.15,317
2023/05/31 13:44:49.818,LocalForwarder2,result,result,247,472,9212.78,169.47,883.66,0.38,0.01,0.38,2.6,320
2023/05/31 13:44:50.232,LocalForwarder2,result,result,248,473,9602.35,174.67,408.36,0.38,0.01,0.38,6.57,321
2023/05/31 13:44:52.398,LocalForwarder2,result,result,254,474,9341.05,176.11,2167.42,0.38,0.01,0.38,3.29,329
2023/05/31 13:44:53.503,LocalForwarder2,result,result,257,475,9295.43,170.37,1100.22,0.38,0.01,0.38,5.74,333
2023/05/31 13:44:53.914,LocalForwarder2,result,result,258,476,9693.53,174.09,411.93,0.38,0.01,0.38,2.76,334
2023/05/31 13:44:54.170,LocalForwarder2,result,result,82,477,1312.7,169.79,254.75,0.38,0.01,0.38,2.73,336
2023/05/31 13:44:54.465,LocalForwarder2,result,result,259,478,10211.53,170.33,292.69,0.38,0.01,0.38,2.67,337
2023/05/31 13:44:55.019,LocalForwarder2,result,result,260,479,10295.35,169.44,549.32,0.38,0.01,0.38,5.61,338
2023/05/31 13:44:55.312,LocalForwarder2,result,result,262,480,9822.73,174.34,294.14,0.38,0.01,0.38,2.8,340
2023/05/31 13:44:55.487,LocalForwarder2,result,result,83,481,2607.38,170.47,173.3,0.38,0.02,0.38,2.8,341
2023/05/31 13:44:56.111,LocalForwarder2,result,result,265,482,9234.16,170.15,622.92,0.38,0.01,0.38,2.66,344
2023/05/31 13:44:56.522,LocalForwarder2,result,result,266,483,9628.89,176.52,408.57,0.38,0.01,0.38,3.27,346
2023/05/31 13:44:56.900,LocalForwarder2,result,result,85,484,1003.92,169.71,376.41,0.38,0.01,0.38,2.62,347
2023/05/31 13:44:57.566,LocalForwarder2,result,result,86,485,1634.97,170.36,663.95,0.38,0.01,0.38,2.77,349
2023/05/31 13:44:57.703,LocalForwarder2,result,result,269,486,9382.29,172.13,131.81,0.38,0.01,0.38,5.69,351
2023/05/31 13:44:58.919,LocalForwarder2,result,result,272,487,9242.38,174.97,1215.08,0.38,0.01,0.38,5.55,356
2023/05/31 13:44:59.720,LocalForwarder2,result,result,89,488,583.49,171.06,801.33,0.38,0.01,0.38,2.87,359
2023/05/31 13:45:00.729,LocalForwarder2,result,result,278,489,9223.17,175.74,1007.91,0.38,0.01,0.38,2.74,363
2023/05/31 13:45:01.057,LocalForwarder2,result,result,279,490,9540.4,170.5,323.89,0.38,0.01,0.38,4.97,364
2023/05/31 13:45:01.446,LocalForwarder2,result,result,280,491,9913.66,170.39,385.83,0.38,0.01,0.38,5.45,366
2023/05/31 13:45:01.795,LocalForwarder2,result,result,281,492,9873.91,169.99,349.92,0.38,0.01,0.38,2.57,367
2023/05/31 13:45:02.199,LocalForwarder2,result,result,91,493,1698.32,187.94,402.23,0.38,0.01,0.38,2.72,369
2023/05/31 13:45:02.582,LocalForwarder2,result,result,284,494,9217.99,170.37,380.64,0.38,0.01,0.38,2.53,370
2023/05/31 13:45:03.341,LocalForwarder2,result,result,286,495,9250.26,171.05,756.84,0.38,0.01,0.38,3.0,373
2023/05/31 13:45:03.763,LocalForwarder2,result,result,287,496,9662.11,175.89,419.95,0.38,0.01,0.38,3.1,374
2023/05/31 13:45:04.118,LocalForwarder2,result,result,288,497,9995.83,171.7,353.86,0.38,0.01,0.38,2.76,376
2023/05/31 13:45:04.251,LocalForwarder2,result,result,93,498,1139.51,169.98,130.48,0.38,0.01,0.38,2.81,377
2023/05/31 13:45:04.731,LocalForwarder2,result,result,94,499,1597.54,170.09,479.23,0.38,0.01,0.38,2.73,379
2023/05/31 13:45:05.466,LocalForwarder2,result,result,95,500,2309.95,176.43,732.59,0.38,0.01,0.38,2.76,383
2023/05/31 13:45:05.896,LocalForwarder2,result,result,293,501,9239.6,169.36,429.27,0.38,0.01,0.38,2.44,384
2023/05/31 13:45:06.251,LocalForwarder2,result,result,294,502,9593.5,169.26,352.2,0.38,0.01,0.38,2.67,385
2023/05/31 13:45:06.568,LocalForwarder2,result,result,295,503,9876.86,170.91,312.88,0.38,0.03,0.38,5.48,387
2023/05/31 13:45:06.973,LocalForwarder2,result,result,297,504,9217.51,175.49,405.36,0.38,0.07,0.38,3.11,389
2023/05/31 13:45:07.271,LocalForwarder2,result,result,298,505,9514.99,169.97,295.48,0.38,0.01,0.38,2.92,391
2023/05/31 13:45:07.650,LocalForwarder2,result,result,300,506,9126.74,169.9,377.18,0.38,0.01,0.38,2.92,392
2023/05/31 13:45:08.004,LocalForwarder2,result,result,98,507,850.91,169.14,349.2,0.38,0.01,0.38,5.96,394
2023/05/31 13:45:08.938,LocalForwarder2,result,result,303,508,9413.9,176.17,935.09,0.38,0.01,0.38,2.65,397
2023/05/31 13:45:09.430,LocalForwarder2,result,result,304,509,9906.12,170.37,490.41,0.38,0.01,0.38,2.95,399
2023/05/31 13:45:09.835,LocalForwarder2,result,result,305,510,10278.99,168.94,403.78,0.38,0.01,0.38,2.46,400
2023/05/31 13:45:10.511,LocalForwarder2,result,result,308,511,9245.8,175.68,673.93,0.38,0.01,0.38,2.96,403
2023/05/31 13:45:11.467,LocalForwarder2,result,result,311,512,9255.38,169.6,954.12,0.38,0.01,0.38,2.52,406
2023/05/31 13:45:11.774,LocalForwarder2,result,result,101,513,1373.68,175.52,302.2,0.32,0.01,0.32,5.79,408
2023/05/31 13:45:12.145,LocalForwarder2,result,result,313,514,9249.08,170.23,371.67,0.38,0.03,0.38,3.25,409
2023/05/31 13:45:12.546,LocalForwarder2,result,result,314,515,9640.63,169.72,399.69,0.38,0.01,0.38,2.6,412
2023/05/31 13:45:12.995,LocalForwarder2,result,result,316,516,9165.25,175.36,447.92,0.38,0.01,0.38,2.51,414
2023/05/31 13:45:13.482,LocalForwarder2,result,result,318,517,9119.01,170.1,484.99,0.38,0.01,0.38,2.68,415
2023/05/31 13:45:13.793,LocalForwarder2,result,result,319,518,9421.38,169.47,308.54,0.38,0.01,0.38,2.79,417
2023/05/31 13:45:14.166,LocalForwarder2,result,result,321,519,9163.05,169.94,370.66,0.38,0.01,0.38,3.07,418
2023/05/31 13:45:14.339,LocalForwarder2,result,result,103,520,1480.33,175.52,168.78,0.32,0.01,0.32,5.75,419
2023/05/31 13:45:14.900,LocalForwarder2,result,result,323,521,9134.74,169.26,561.65,0.32,0.01,0.32,3.32,422
2023/05/31 13:45:15.761,LocalForwarder2,result,result,326,522,9147.79,175.68,858.51,0.38,0.02,0.38,3.81,426
2023/05/31 13:45:16.393,LocalForwarder2,result,result,328,523,9233.07,170.16,630.59,0.38,0.01,0.38,2.83,428
2023/05/31 13:45:16.769,LocalForwarder2,result,result,329,524,9600.7,170.52,374.47,0.38,0.01,0.38,2.83,430
2023/05/31 13:45:17.669,LocalForwarder2,result,result,332,525,9204.54,176.31,893.38,0.38,0.02,0.38,5.93,433
2023/05/31 13:45:18.005,LocalForwarder2,result,result,106,526,1818.74,172.39,333.81,0.32,0.01,0.32,5.23,434
2023/05/31 13:45:18.157,LocalForwarder2,result,result,333,527,9685.88,171.37,151.32,0.38,0.01,0.38,3.83,435
2023/05/31 13:45:18.995,LocalForwarder2,result,result,335,528,9997.45,334.88,834.53,0.38,0.01,0.38,5.6,436
2023/05/31 13:45:19.654,LocalForwarder2,result,result,336,529,10642.86,175.94,658.92,0.38,0.01,0.38,3.41,439
2023/05/31 13:45:20.602,LocalForwarder2,result,result,337,530,11291.93,170.01,943.02,0.38,0.01,0.38,5.79,440
2023/05/31 13:45:23.480,LocalForwarder2,result,result,110,531,446.85,308.54,2879.71,0.32,0.01,0.32,2.98,445
2023/05/31 13:45:24.976,LocalForwarder2,result,result,111,532,1930.02,175.69,1494.28,0.32,0.01,0.32,2.74,448
2023/05/31 13:45:25.865,LocalForwarder2,result,result,113,533,697.89,171.03,884.34,0.32,0.01,0.32,5.57,450
2023/05/31 13:45:26.512,LocalForwarder2,result,result,343,534,9770.81,175.69,647.92,0.38,0.01,0.38,2.64,452
2023/05/31 13:45:27.593,LocalForwarder2,result,result,116,535,343.79,170.2,1076.75,0.32,0.01,0.32,5.48,455
2023/05/31 13:45:27.743,LocalForwarder2,result,result,345,536,9670.7,176.72,149.6,0.38,0.01,0.38,3.22,457
2023/05/31 13:45:28.612,LocalForwarder2,result,result,347,537,9222.05,170.23,867.47,0.32,0.01,0.32,2.69,459
2023/05/31 13:45:29.083,LocalForwarder2,result,result,348,538,9677.77,177.07,470.03,0.32,0.01,0.32,2.71,461
2023/05/31 13:45:29.201,LocalForwarder2,result,result,118,539,1168.33,169.46,115.62,0.32,0.01,0.32,2.89,462
2023/05/31 13:45:29.676,LocalForwarder2,result,result,350,540,9417.48,170.17,473.93,0.32,0.01,0.32,2.49,465
2023/05/31 13:45:30.184,LocalForwarder2,result,result,352,541,9199.48,170.28,502.04,0.32,0.01,0.32,5.82,466
2023/05/31 13:45:30.821,LocalForwarder2,result,result,353,542,9824.92,174.33,639.3,0.32,0.01,0.32,2.56,468
2023/05/31 13:45:31.402,LocalForwarder2,result,result,355,543,9208.68,171.02,574.82,0.32,0.01,0.32,5.73,471
2023/05/31 13:45:31.864,LocalForwarder2,result,result,357,544,9141.69,170.0,464.25,0.32,0.01,0.32,2.52,473
2023/05/31 13:45:32.392,LocalForwarder2,result,result,359,545,9181.93,183.29,525.53,0.38,0.01,0.38,2.68,474
2023/05/31 13:45:32.664,LocalForwarder2,result,result,360,546,9451.24,169.6,267.41,0.38,0.01,0.38,5.32,476
2023/05/31 13:45:32.873,LocalForwarder2,result,result,361,547,9632.47,170.08,210.56,0.32,0.01,0.32,2.61,477
2023/05/31 13:45:33.155,LocalForwarder2,result,result,362,548,9603.05,169.83,279.98,0.38,0.01,0.38,2.64,479
2023/05/31 13:45:33.460,LocalForwarder2,result,result,121,549,2039.79,170.74,303.13,0.32,0.01,0.32,2.8,481
2023/05/31 13:45:33.770,LocalForwarder2,result,result,366,550,9105.57,174.87,308.29,0.38,0.01,0.38,2.46,482
2023/05/31 13:45:34.094,LocalForwarder2,result,result,367,551,9428.41,169.76,321.09,0.38,0.01,0.38,3.15,484
2023/05/31 13:45:34.405,LocalForwarder2,result,result,369,552,9129.3,169.41,309.81,0.38,0.01,0.38,2.56,486
2023/05/31 13:45:34.932,LocalForwarder2,result,result,122,553,3475.19,173.1,525.94,0.32,0.01,0.32,2.6,488
2023/05/31 13:45:35.422,LocalForwarder2,result,result,124,554,124.42,175.13,485.2,0.32,0.01,0.32,5.43,489
2023/05/31 13:45:35.716,LocalForwarder2,result,result,125,555,388.76,173.76,294.73,0.32,0.01,0.32,2.79,491
2023/05/31 13:45:36.671,LocalForwarder2,result,result,129,556,170.07,177.87,949.19,0.32,0.01,0.32,6.62,494
2023/05/31 13:45:36.922,LocalForwarder2,result,result,130,557,403.53,170.12,253.38,0.32,0.01,0.32,2.59,496
2023/05/31 13:45:37.216,LocalForwarder2,result,result,131,558,665.95,169.64,291.75,0.32,0.01,0.32,2.42,497
2023/05/31 13:53:32.470,LocalForwarder2,result,result,2,559,14457.0,168.52,475252.08,0.32,0.01,0.32,3.06,498
2023/05/31 13:53:51.250,LocalForwarder2,result,result,5,560,11563.39,168.72,18777.3,0.32,0.01,0.32,3.06,501
2023/05/31 13:53:53.244,LocalForwarder2,result,result,6,561,13546.18,173.97,1990.58,0.32,0.01,0.32,5.55,502
2023/05/31 13:53:55.473,LocalForwarder2,result,result,2,562,46558.3,171.94,2230.3,0.32,0.01,0.32,2.62,504
2023/05/31 13:54:02.847,LocalForwarder2,result,result,10,563,2544.33,173.86,7369.13,0.32,0.01,0.32,5.33,508
2023/05/31 13:54:05.698,LocalForwarder2,result,result,5,564,30542.23,173.47,2849.0,0.38,0.01,0.38,5.4,509
2023/05/31 13:54:07.324,LocalForwarder2,result,result,11,565,7000.49,173.38,1624.17,0.32,0.01,0.32,5.96,510
2023/05/31 13:54:08.783,LocalForwarder2,result,result,12,566,8444.12,173.21,1457.16,0.38,0.01,0.38,5.56,511
2023/05/31 13:54:11.323,LocalForwarder2,result,result,15,567,933.65,173.3,2539.29,0.32,0.01,0.32,5.05,514
2023/05/31 13:54:13.110,LocalForwarder2,result,result,17,568,866.83,173.95,1783.9,0.32,0.01,0.32,5.86,516
2023/05/31 13:54:14.254,LocalForwarder2,result,result,18,569,1986.64,168.86,1145.95,0.32,0.01,0.32,2.36,517
2023/05/31 13:54:14.618,LocalForwarder2,result,result,6,570,39447.1,172.95,359.4,0.38,0.01,0.38,5.42,519
2023/05/31 13:54:15.224,LocalForwarder2,result,result,20,571,509.1,168.27,607.54,0.32,0.01,0.32,2.46,520
2023/05/31 13:54:15.901,LocalForwarder2,result,result,21,572,1171.51,173.04,671.99,0.32,0.01,0.32,5.22,521
2023/05/31 13:54:16.733,LocalForwarder2,result,result,23,573,407.65,167.32,832.38,0.32,0.01,0.32,2.72,524
2023/05/31 13:54:19.290,LocalForwarder2,result,result,10,574,10198.41,172.79,2552.7,0.38,0.01,0.38,5.31,528
2023/05/31 13:54:19.481,LocalForwarder2,result,result,26,575,850.2,167.38,191.82,0.32,0.01,0.32,2.57,529
2023/05/31 13:54:20.440,LocalForwarder2,result,result,27,576,1795.66,168.29,956.04,0.32,0.01,0.32,3.18,531
2023/05/31 13:54:20.691,LocalForwarder2,result,result,11,577,11585.56,172.46,248.38,0.38,0.01,0.38,5.17,532
2023/05/31 13:54:21.652,LocalForwarder2,result,result,12,578,12533.17,167.72,961.4,0.38,0.01,0.38,2.84,534
2023/05/31 13:54:23.182,LocalForwarder2,result,result,15,579,10129.09,172.64,1528.13,0.38,0.01,0.38,2.47,539
2023/05/31 13:54:24.287,LocalForwarder2,result,result,17,580,9837.62,167.09,1103.7,0.38,0.01,0.38,2.41,542
2023/05/31 13:54:25.533,LocalForwarder2,result,result,18,581,11064.51,172.62,1240.84,0.38,0.01,0.38,5.9,543
2023/05/31 13:54:26.351,LocalForwarder2,result,result,20,582,10771.53,167.85,819.57,0.38,0.01,0.38,2.54,546
2023/05/31 13:54:27.569,LocalForwarder2,result,result,21,583,11973.39,172.32,1215.59,0.38,0.01,0.38,2.61,549
2023/05/31 13:54:28.634,LocalForwarder2,result,result,23,584,11623.76,170.61,1060.35,0.38,0.01,0.38,5.43,550
2023/05/31 13:54:28.752,LocalForwarder2,result,result,34,585,772.3,167.25,120.0,0.38,0.01,0.38,2.45,551
2023/05/31 13:54:30.078,LocalForwarder2,result,result,26,586,9610.42,174.56,1321.59,0.38,0.01,0.38,5.14,554
2023/05/31 13:54:30.948,LocalForwarder2,result,result,27,587,10478.87,167.54,870.26,0.38,0.01,0.38,2.48,555
2023/05/31 13:54:31.281,LocalForwarder2,result,result,36,588,1196.74,173.03,327.62,0.32,0.01,0.32,6.25,556
2023/05/31 13:54:32.173,LocalForwarder2,result,result,37,589,2081.52,167.09,894.29,0.32,0.01,0.32,2.52,558
2023/05/31 13:54:34.009,LocalForwarder2,result,result,38,590,3892.36,171.93,1831.15,0.32,0.01,0.32,5.08,559
2023/05/31 13:54:39.194,LocalForwarder2,result,result,41,591,2104.08,172.91,5186.2,0.38,0.01,0.38,2.56,567
2023/05/31 13:54:40.024,LocalForwarder2,result,result,34,592,9823.2,167.23,825.47,0.38,0.01,0.38,5.38,568
2023/05/31 13:54:40.630,LocalForwarder2,result,result,42,593,3521.26,174.1,606.0,0.32,0.01,0.32,2.65,569
2023/05/31 13:54:44.840,LocalForwarder2,result,result,43,594,7706.27,175.19,4205.43,0.32,0.01,0.32,6.08,571
2023/05/31 13:54:52.203,LocalForwarder2,result,result,45,595,5141.41,173.52,7362.63,0.32,0.01,0.32,5.15,574
2023/05/31 13:54:56.142,LocalForwarder2,result,result,47,596,6859.89,174.35,3937.13,0.32,0.01,0.32,5.35,576
2023/05/31 13:54:57.475,LocalForwarder2,result,result,48,597,8181.21,173.75,1329.63,0.38,0.01,0.38,6.02,577
2023/05/31 13:55:04.241,LocalForwarder2,result,result,49,598,11893.73,173.13,6765.7,0.38,0.01,0.38,5.18,579
2023/05/31 13:55:05.744,LocalForwarder2,result,result,36,599,33095.12,174.18,1503.25,0.38,0.01,0.38,2.81,581
2023/05/31 13:55:08.137,LocalForwarder2,result,result,51,600,11818.54,176.99,2388.94,0.32,0.01,0.32,5.36,582
2023/05/31 13:55:11.698,LocalForwarder2,result,result,37,601,39046.51,175.57,3558.84,0.38,0.02,0.38,5.56,583
2023/05/31 13:55:13.984,LocalForwarder2,result,result,52,602,16121.71,173.05,2287.83,0.32,0.01,0.32,2.68,585
2023/05/31 13:55:16.865,LocalForwarder2,result,result,38,603,44185.04,171.81,2876.11,0.38,0.01,0.38,5.01,587
2023/05/31 13:55:18.911,LocalForwarder2,result,result,54,604,4608.03,172.57,2044.97,0.32,0.01,0.32,4.96,588
2023/05/31 13:55:22.830,LocalForwarder2,result,result,41,605,25950.65,399.67,3914.36,0.32,0.01,0.32,7.12,589
2023/05/31 13:55:27.265,LocalForwarder2,result,result,42,606,24442.15,172.4,4439.05,0.32,0.01,0.32,2.52,591
2023/05/31 13:55:27.649,LocalForwarder2,result,result,55,607,13338.17,169.11,381.8,0.32,0.01,0.32,2.58,592
2023/05/31 13:55:29.738,LocalForwarder2,result,result,43,608,21746.63,173.76,2084.03,0.38,0.01,0.38,6.02,593
2023/05/31 13:55:30.493,LocalForwarder2,result,result,56,609,16169.17,168.11,755.72,0.32,0.01,0.32,2.77,594
2023/05/31 13:58:36.917,LocalForwarder2,result,result,2,610,10288.57,166.6,186422.8,0.32,0.01,0.32,2.74,599
2023/05/31 13:58:37.901,LocalForwarder2,result,result,5,611,10619.91,166.92,982.54,0.32,0.01,0.32,2.57,602
2023/05/31 13:58:38.993,LocalForwarder2,result,result,6,612,11702.69,170.69,1088.07,0.32,0.01,0.32,4.8,604
2023/05/31 13:58:39.396,LocalForwarder2,result,result,10,613,10639.48,166.21,402.76,0.32,0.01,0.32,2.62,605
2023/05/31 13:58:40.261,LocalForwarder2,result,result,11,614,11235.72,171.17,861.14,0.32,0.01,0.32,4.99,608
2023/05/31 13:58:40.822,LocalForwarder2,result,result,12,615,10716.43,166.86,561.69,0.32,0.01,0.32,2.67,610
2023/05/31 13:58:41.939,LocalForwarder2,result,result,15,616,11408.21,172.15,1112.53,0.32,0.01,0.32,5.12,611
2023/05/31 13:58:42.724,LocalForwarder2,result,result,17,617,11346.03,168.51,785.46,0.32,0.01,0.32,2.85,613
2023/05/31 13:58:43.096,LocalForwarder2,result,result,18,618,11149.26,168.87,366.44,0.32,0.01,0.32,5.85,614
2023/05/31 13:58:43.938,LocalForwarder2,result,result,20,619,10863.58,173.39,838.93,0.32,0.01,0.32,4.2,616
2023/05/31 13:58:45.358,LocalForwarder2,result,result,21,620,11484.08,172.5,1420.13,0.32,0.01,0.32,2.79,619
2023/05/31 13:58:45.819,LocalForwarder2,result,result,23,621,11605.36,167.33,458.03,0.32,0.01,0.32,3.64,620
2023/05/31 13:58:47.037,LocalForwarder2,result,result,26,622,11982.1,172.27,1218.1,0.32,0.01,0.32,2.62,624
2023/05/31 13:58:48.200,LocalForwarder2,result,result,27,623,11730.92,165.92,1160.06,0.32,0.01,0.32,2.86,627
2023/05/31 13:58:49.478,LocalForwarder2,result,result,34,624,10563.57,172.75,1277.08,0.32,0.01,0.32,2.48,630
2023/05/31 13:58:50.373,LocalForwarder2,result,result,36,625,10823.24,167.1,893.53,0.32,0.01,0.32,2.79,631
2023/05/31 13:58:51.138,LocalForwarder2,result,result,37,626,11587.58,172.43,762.43,0.32,0.01,0.32,3.0,633
2023/05/31 13:58:51.491,LocalForwarder2,result,result,38,627,10792.0,166.56,351.31,0.32,0.01,0.32,2.71,635
2023/05/31 13:58:51.731,LocalForwarder2,result,result,41,628,10147.85,166.41,237.99,0.32,0.01,0.32,2.55,636
2023/05/31 13:58:52.105,LocalForwarder2,result,result,42,629,9831.16,167.35,367.95,0.32,0.01,0.32,6.22,638
2023/05/31 13:58:52.468,LocalForwarder2,result,result,43,630,9821.39,171.9,364.31,0.32,0.01,0.32,3.03,640
2023/05/31 13:58:52.655,LocalForwarder2,result,result,45,631,9767.31,167.21,185.21,0.32,0.01,0.32,2.6,641
2023/05/31 13:58:52.852,LocalForwarder2,result,result,47,632,9593.67,166.37,195.38,0.32,0.01,0.32,2.53,642
2023/05/31 13:58:53.170,LocalForwarder2,result,result,48,633,9567.14,166.79,316.51,0.32,0.01,0.32,2.58,644
2023/05/31 13:58:53.360,LocalForwarder2,result,result,49,634,9572.95,166.83,185.12,0.32,0.01,0.32,5.06,645
2023/05/31 13:58:53.707,LocalForwarder2,result,result,51,635,9714.05,171.84,348.24,0.32,0.01,0.32,2.71,647
2023/05/31 13:58:53.922,LocalForwarder2,result,result,52,636,9633.3,166.04,213.35,0.32,0.01,0.32,2.52,648
2023/05/31 13:58:54.119,LocalForwarder2,result,result,54,637,9610.78,167.09,193.98,0.32,0.01,0.32,3.04,649
2023/05/31 13:58:54.475,LocalForwarder2,result,result,55,638,9629.09,166.28,354.11,0.32,0.01,0.32,2.79,651
2023/05/31 13:58:54.841,LocalForwarder2,result,result,56,639,9787.33,166.04,364.93,0.32,0.01,0.32,2.5,654
2023/05/31 13:58:55.167,LocalForwarder2,result,result,58,640,9896.39,171.0,324.2,0.32,0.01,0.32,2.63,655
2023/05/31 13:58:55.376,LocalForwarder2,result,result,61,641,9731.36,166.87,207.07,0.32,0.01,0.32,2.59,656
2023/05/31 13:58:55.724,LocalForwarder2,result,result,62,642,9750.75,166.64,345.91,0.32,0.01,0.32,2.6,658
2023/05/31 13:58:56.223,LocalForwarder2,result,result,63,643,9915.42,166.74,497.12,0.32,0.01,0.32,2.86,661
2023/05/31 13:58:56.451,LocalForwarder2,result,result,67,644,9633.91,171.35,225.52,0.32,0.01,0.32,3.1,662
2023/05/31 13:58:56.790,LocalForwarder2,result,result,68,645,9894.93,166.52,337.17,0.32,0.01,0.32,2.71,664
2023/05/31 13:58:57.367,LocalForwarder2,result,result,69,646,10001.45,166.77,572.36,0.32,0.01,0.32,5.73,667
2023/05/31 13:58:57.809,LocalForwarder2,result,result,72,647,10211.99,172.21,443.34,0.32,0.01,0.32,2.64,669
2023/05/31 13:58:58.208,LocalForwarder2,result,result,74,648,10162.4,166.63,394.5,0.32,0.01,0.32,3.91,671
2023/05/31 13:58:58.572,LocalForwarder2,result,result,76,649,10037.41,168.05,357.72,0.32,0.01,0.32,7.63,674
2023/05/31 13:58:59.214,LocalForwarder2,result,result,82,650,9292.41,172.52,645.11,0.32,0.01,0.32,3.04,676
2023/05/31 13:58:59.533,LocalForwarder2,result,result,83,651,9611.43,166.58,316.97,0.32,0.01,0.32,2.67,678
2023/05/31 13:59:00.033,LocalForwarder2,result,result,85,652,9764.62,166.61,494.11,0.32,0.01,0.32,6.12,680
2023/05/31 13:59:00.574,LocalForwarder2,result,result,86,653,10168.03,173.09,542.63,0.32,0.01,0.32,2.63,682
2023/05/31 13:59:01.038,LocalForwarder2,result,result,89,654,9901.47,167.69,462.49,0.32,0.01,0.32,3.04,684
2023/05/31 13:59:01.574,LocalForwarder2,result,result,91,655,9960.76,167.11,529.0,0.32,0.02,0.32,6.93,686
2023/05/31 13:59:01.950,LocalForwarder2,result,result,93,656,9742.1,173.14,378.28,0.32,0.01,0.32,2.48,688
2023/05/31 13:59:02.245,LocalForwarder2,result,result,94,657,9997.68,167.08,291.16,0.32,0.01,0.32,3.5,690
2023/05/31 13:59:02.496,LocalForwarder2,result,result,95,658,9804.05,166.76,250.78,0.32,0.01,0.32,2.69,692
2023/05/31 13:59:02.872,LocalForwarder2,result,result,98,659,9765.84,167.66,373.83,0.32,0.01,0.32,3.12,694
2023/05/31 13:59:03.203,LocalForwarder2,result,result,101,660,9325.15,170.66,328.88,0.32,0.01,0.32,2.45,695
2023/05/31 13:59:03.584,LocalForwarder2,result,result,103,661,9347.14,166.23,378.79,0.32,0.01,0.32,3.05,697
2023/05/31 13:59:04.484,LocalForwarder2,result,result,106,662,9433.03,171.8,897.64,0.32,0.01,0.32,3.46,700
2023/05/31 13:59:05.317,LocalForwarder2,result,result,110,663,9251.63,165.71,832.07,0.32,0.01,0.32,2.95,704
2023/05/31 13:59:05.629,LocalForwarder2,result,result,111,664,9547.86,167.64,309.75,0.32,0.01,0.32,2.89,706
2023/05/31 13:59:06.041,LocalForwarder2,result,result,113,665,9610.44,170.86,410.3,0.32,0.01,0.32,2.44,708
2023/05/31 13:59:06.390,LocalForwarder2,result,result,116,666,9197.07,167.0,344.33,0.32,0.01,0.32,5.2,710
2023/05/31 13:59:06.790,LocalForwarder2,result,result,118,667,9251.41,166.72,400.89,0.32,0.01,0.32,2.49,713
2023/05/31 13:59:07.441,LocalForwarder2,result,result,121,668,9291.91,172.42,648.92,0.32,0.01,0.32,2.47,716
2023/05/31 13:59:07.768,LocalForwarder2,result,result,122,669,9597.38,165.93,322.76,0.32,0.01,0.32,5.13,717
2023/05/31 13:59:08.117,LocalForwarder2,result,result,124,670,9743.2,166.06,349.35,0.32,0.01,0.32,2.9,720
2023/05/31 13:59:08.493,LocalForwarder2,result,result,125,671,9927.31,166.65,372.54,0.32,0.01,0.32,3.8,721
2023/05/31 13:59:08.819,LocalForwarder2,result,result,129,672,9374.64,170.2,324.43,0.32,0.01,0.32,3.94,722
2023/05/31 13:59:09.006,LocalForwarder2,result,result,130,673,9544.72,165.97,184.0,0.32,0.01,0.32,5.26,724
2023/05/31 13:59:09.329,LocalForwarder2,result,result,131,674,9692.36,165.91,324.17,0.32,0.01,0.32,2.79,726
2023/05/31 13:59:09.731,LocalForwarder2,result,result,134,675,9238.69,166.29,399.55,0.32,0.01,0.32,2.75,728
2023/05/31 13:59:10.139,LocalForwarder2,result,result,135,676,9633.51,171.11,407.04,0.32,0.01,0.32,2.51,730
2023/05/31 13:59:10.338,LocalForwarder2,result,result,136,677,9821.44,166.02,194.07,0.32,0.01,0.32,5.57,731
2023/05/31 13:59:10.554,LocalForwarder2,result,result,137,678,9678.49,165.95,217.04,0.32,0.01,0.32,2.7,732
2023/05/31 13:59:10.752,LocalForwarder2,result,result,138,679,9498.54,166.14,195.23,0.32,0.01,0.32,2.65,733
2023/05/31 13:59:11.149,LocalForwarder2,result,result,139,680,9675.88,165.9,395.75,0.32,0.01,0.32,2.88,735
2023/05/31 13:59:11.697,LocalForwarder2,result,result,140,681,9983.51,171.47,542.7,0.32,0.01,0.32,5.4,737
2023/05/31 13:59:12.202,LocalForwarder2,result,result,144,682,9763.05,166.74,506.48,0.32,0.01,0.32,2.81,739
2023/05/31 13:59:12.412,LocalForwarder2,result,result,145,683,9962.4,166.96,208.49,0.32,0.01,0.32,2.61,740
2023/05/31 13:59:12.639,LocalForwarder2,result,result,146,684,9707.96,171.79,213.39,0.32,0.01,0.32,8.2,741
2023/05/31 13:59:12.877,LocalForwarder2,result,result,147,685,9530.81,165.78,245.34,0.32,0.01,0.32,2.66,742
2023/05/31 13:59:13.038,LocalForwarder2,result,result,148,686,9494.71,172.65,154.94,0.32,0.01,0.32,7.03,743
2023/05/31 13:59:13.277,LocalForwarder2,result,result,149,687,9506.91,166.15,240.63,0.32,0.01,0.32,2.69,744
2023/05/31 13:59:13.488,LocalForwarder2,result,result,150,688,9504.73,166.43,209.5,0.32,0.01,0.32,2.89,745
2023/05/31 13:59:13.871,LocalForwarder2,result,result,151,689,9664.35,166.64,380.38,0.32,0.03,0.32,3.22,747
2023/05/31 13:59:14.225,LocalForwarder2,result,result,152,690,9815.33,165.52,353.13,0.32,0.01,0.32,2.64,749
2023/05/31 13:59:14.717,LocalForwarder2,result,result,154,691,10061.22,173.21,489.93,0.32,0.01,0.32,2.79,751
2023/05/31 13:59:15.186,LocalForwarder2,result,result,156,692,10163.92,165.78,467.74,0.32,0.01,0.32,2.57,752
2023/05/31 13:59:15.814,LocalForwarder2,result,result,158,693,10431.23,165.81,624.21,0.32,0.01,0.32,4.9,754
2023/05/31 13:59:16.947,LocalForwarder2,result,result,161,694,10869.21,171.2,1132.62,0.32,0.01,0.32,2.8,756
2023/05/31 13:59:17.136,LocalForwarder2,result,result,162,695,10568.6,165.94,184.94,0.32,0.01,0.32,5.52,757
2023/05/31 13:59:17.373,LocalForwarder2,result,result,165,696,10039.67,167.11,238.36,0.32,0.01,0.32,2.62,759
2023/05/31 13:59:17.875,LocalForwarder2,result,result,167,697,9237.73,166.2,497.25,0.32,0.03,0.32,4.85,761
2023/05/31 13:59:18.211,LocalForwarder2,result,result,169,698,9252.34,172.3,335.3,0.32,0.01,0.32,2.65,763
2023/05/31 13:59:18.525,LocalForwarder2,result,result,171,699,9249.34,165.86,312.71,0.32,0.01,0.32,2.79,766
2023/05/31 13:59:19.240,LocalForwarder2,result,result,175,700,9211.57,166.47,712.75,0.32,0.01,0.32,2.62,769
2023/05/31 13:59:19.621,LocalForwarder2,result,result,176,701,9577.06,172.59,379.32,0.32,0.01,0.32,2.39,772
2023/05/31 13:59:20.371,LocalForwarder2,result,result,181,702,9238.15,166.04,748.64,0.32,0.01,0.32,2.59,775
2023/05/31 13:59:20.723,LocalForwarder2,result,result,182,703,9579.21,166.41,349.61,0.32,0.01,0.32,2.73,777
2023/05/31 13:59:21.056,LocalForwarder2,result,result,185,704,9246.69,170.72,328.47,0.32,0.01,0.32,5.14,779
2023/05/31 13:59:21.418,LocalForwarder2,result,result,186,705,9600.23,166.01,363.53,0.32,0.01,0.32,2.58,781
2023/05/31 13:59:21.784,LocalForwarder2,result,result,189,706,9246.59,166.17,363.38,0.32,0.01,0.32,2.76,783
2023/05/31 13:59:22.116,LocalForwarder2,result,result,190,707,9561.92,166.64,328.3,0.32,0.02,0.32,3.62,785
2023/05/31 13:59:22.456,LocalForwarder2,result,result,192,708,9588.13,171.07,336.14,0.32,0.01,0.32,5.71,787
2023/05/31 13:59:22.772,LocalForwarder2,result,result,195,709,9231.82,165.89,317.98,0.32,0.01,0.32,2.8,789
2023/05/31 13:59:23.086,LocalForwarder2,result,result,196,710,9532.36,166.46,311.57,0.32,0.01,0.32,2.73,791
2023/05/31 13:59:23.412,LocalForwarder2,result,result,198,711,9574.16,166.31,322.78,0.32,0.01,0.32,3.04,793
2023/05/31 13:59:23.636,LocalForwarder2,result,result,199,712,9727.03,165.81,223.63,0.32,0.01,0.32,2.59,794
2023/05/31 13:59:23.846,LocalForwarder2,result,result,200,713,9596.52,172.79,205.23,0.32,0.01,0.32,5.32,795
2023/05/31 13:59:23.999,LocalForwarder2,result,result,201,714,9427.65,166.05,153.43,0.32,0.01,0.32,3.08,796
2023/05/31 13:59:24.224,LocalForwarder2,result,result,202,715,9448.14,165.53,223.56,0.32,0.01,0.32,2.62,797
2023/05/31 13:59:24.431,LocalForwarder2,result,result,203,716,9460.45,167.25,202.63,0.32,0.01,0.32,4.58,798
2023/05/31 13:59:24.722,LocalForwarder2,result,result,204,717,9570.54,166.35,290.6,0.32,0.01,0.32,3.08,800
2023/05/31 13:59:25.081,LocalForwarder2,result,result,205,718,9719.71,172.11,354.93,0.32,0.01,0.32,5.4,802
2023/05/31 13:59:25.424,LocalForwarder2,result,result,207,719,9850.12,165.89,343.94,0.32,0.01,0.32,2.76,804
2023/05/31 13:59:26.035,LocalForwarder2,result,result,213,720,9228.51,165.75,609.0,0.32,0.01,0.32,2.5,807
2023/05/31 13:59:26.442,LocalForwarder2,result,result,214,721,9619.95,170.81,405.19,0.32,0.01,0.32,2.89,810
2023/05/31 13:59:26.822,LocalForwarder2,result,result,215,722,9981.97,166.45,375.72,0.32,0.01,0.32,4.26,811
2023/05/31 13:59:27.150,LocalForwarder2,result,result,217,723,9918.54,166.4,327.64,0.32,0.01,0.32,2.71,813
2023/05/31 13:59:27.478,LocalForwarder2,result,result,219,724,9777.48,295.58,326.03,0.32,0.01,0.32,2.5,814
2023/05/31 13:59:27.548,LocalForwarder2,result,result,220,725,9566.1,166.12,68.66,0.32,0.01,0.32,2.55,815
2023/05/31 13:59:27.877,LocalForwarder2,result,result,221,726,9572.73,170.61,325.46,0.32,0.01,0.32,3.18,817
2023/05/31 13:59:28.092,LocalForwarder2,result,result,222,727,9606.63,166.18,214.8,0.32,0.01,0.32,2.5,819
2023/05/31 13:59:28.456,LocalForwarder2,result,result,226,728,9379.37,166.35,362.36,0.32,0.01,0.32,2.41,820
2023/05/31 13:59:28.806,LocalForwarder2,result,result,227,729,9719.56,166.54,347.42,0.32,0.01,0.32,2.69,822
2023/05/31 13:59:29.137,LocalForwarder2,result,result,229,730,9686.74,171.1,325.8,0.32,0.01,0.32,5.85,824
2023/05/31 13:59:29.465,LocalForwarder2,result,result,230,731,9859.87,166.37,328.32,0.32,0.01,0.32,3.24,826
2023/05/31 13:59:29.704,LocalForwarder2,result,result,231,732,9734.81,166.1,238.98,0.32,0.01,0.32,2.42,827
2023/05/31 13:59:30.039,LocalForwarder2,result,result,234,733,9719.38,165.81,332.81,0.32,0.01,0.32,2.57,829
2023/05/31 13:59:30.418,LocalForwarder2,result,result,235,734,9807.92,170.37,374.71,0.32,0.01,0.32,5.34,831
2023/05/31 13:59:30.590,LocalForwarder2,result,result,237,735,9703.09,166.45,172.29,0.32,0.01,0.32,2.61,832
2023/05/31 13:59:30.879,LocalForwarder2,result,result,239,736,9680.82,166.57,286.0,0.32,0.01,0.32,3.31,834
2023/05/31 13:59:31.067,LocalForwarder2,result,result,241,737,9502.18,165.89,187.27,0.32,0.01,0.32,2.82,835
2023/05/31 13:59:31.369,LocalForwarder2,result,result,242,738,9610.98,166.03,299.34,0.32,0.01,0.32,2.92,837
2023/05/31 13:59:31.563,LocalForwarder2,result,result,244,739,9512.26,166.21,193.47,0.32,0.01,0.32,2.61,839
2023/05/31 13:59:32.113,LocalForwarder2,result,result,247,740,9216.43,176.1,546.93,0.32,0.01,0.32,3.01,841
2023/05/31 13:59:32.301,LocalForwarder2,result,result,248,741,9394.34,167.33,187.51,0.32,0.01,0.32,2.53,842
2023/05/31 14:00:04.101,LocalForwarder2,result,result,2,742,5562.96,167.67,31797.62,0.32,0.01,0.32,2.75,846
2023/05/31 14:00:06.681,LocalForwarder2,result,result,5,743,6572.4,180.14,2578.85,0.32,0.01,0.32,2.36,848
2023/05/31 14:00:07.353,LocalForwarder2,result,result,6,744,7225.88,165.38,670.56,0.32,0.01,0.32,2.46,850
2023/05/31 14:00:07.959,LocalForwarder2,result,result,10,745,1206.3,171.17,603.91,0.32,0.01,0.32,2.65,852
2023/05/31 14:00:08.293,LocalForwarder2,result,result,11,746,1454.44,166.33,330.32,0.32,0.01,0.32,3.59,853
2023/05/31 14:00:09.713,LocalForwarder2,result,result,12,747,2185.27,173.27,1417.96,0.32,0.01,0.32,3.97,855
2023/05/31 14:00:10.133,LocalForwarder2,result,result,15,748,1962.41,167.78,418.52,0.32,0.01,0.32,3.44,856
2023/05/31 14:00:11.384,LocalForwarder2,result,result,17,749,1486.23,173.77,1250.0,0.32,0.01,0.32,2.65,858
2023/05/31 14:00:11.669,LocalForwarder2,result,result,18,750,1755.87,167.51,282.93,0.32,0.01,0.32,2.49,859
2023/05/31 14:00:12.511,LocalForwarder2,result,result,20,751,937.27,167.43,837.23,0.32,0.01,0.32,5.23,861
2023/05/31 14:00:13.167,LocalForwarder2,result,result,21,752,1588.87,171.33,658.22,0.32,0.01,0.32,2.48,863
2023/05/31 14:00:14.002,LocalForwarder2,result,result,23,753,1731.63,166.06,830.05,0.32,0.01,0.32,5.0,865
2023/05/31 14:00:16.687,LocalForwarder2,result,result,26,754,2717.22,172.31,2685.41,0.32,0.01,0.32,2.74,868
2023/05/31 14:00:18.310,LocalForwarder2,result,result,27,755,4312.21,170.92,1621.84,0.32,0.01,0.32,2.67,872
2023/05/31 14:00:19.151,LocalForwarder2,result,result,34,756,373.12,167.1,838.15,0.32,0.01,0.32,2.93,876
2023/05/31 14:00:20.167,LocalForwarder2,result,result,36,757,1069.73,171.45,1011.56,0.32,0.01,0.32,5.33,877
2023/05/31 14:00:22.157,LocalForwarder2,result,result,37,758,3052.15,171.38,1991.11,0.32,0.01,0.32,2.59,879
2023/05/31 14:00:23.094,LocalForwarder2,result,result,38,759,3825.04,166.18,934.85,0.32,0.03,0.32,3.28,882
2023/05/31 14:00:23.919,LocalForwarder2,result,result,41,760,2014.46,171.16,823.95,0.32,0.01,0.32,2.52,883
2023/05/31 14:00:24.676,LocalForwarder2,result,result,42,761,2385.08,166.93,751.96,0.32,0.01,0.32,5.57,884
2023/05/31 14:00:26.833,LocalForwarder2,result,result,43,762,3601.47,172.61,2156.07,0.32,0.01,0.32,5.02,886
2023/05/31 14:00:27.749,LocalForwarder2,result,result,45,763,3638.7,165.56,916.23,0.32,0.01,0.32,2.51,888
2023/05/31 14:00:28.067,LocalForwarder2,result,result,47,764,3231.41,171.4,310.88,0.32,0.01,0.32,7.25,889
2023/05/31 14:00:28.318,LocalForwarder2,result,result,48,765,1255.86,167.54,253.77,0.32,0.01,0.32,2.47,890
2023/05/31 14:00:28.822,LocalForwarder2,result,result,49,766,905.33,167.06,500.5,0.32,0.01,0.32,3.97,892
2023/05/31 14:00:29.058,LocalForwarder2,result,result,51,767,835.03,166.05,234.72,0.38,0.01,0.38,2.69,893
2023/05/31 14:00:29.601,LocalForwarder2,result,result,52,768,1167.67,197.13,539.28,0.38,0.01,0.38,5.17,895
2023/05/31 14:00:29.759,LocalForwarder2,result,result,54,769,767.92,166.76,157.65,0.38,0.01,0.38,2.87,896
2023/05/31 14:00:30.055,LocalForwarder2,result,result,55,770,806.33,166.31,294.67,0.32,0.01,0.32,2.65,898
2023/05/31 14:00:30.363,LocalForwarder2,result,result,56,771,646.37,166.59,306.43,0.32,0.01,0.32,2.75,900
2023/05/31 14:00:30.756,LocalForwarder2,result,result,58,772,790.53,166.54,390.95,0.38,0.01,0.38,2.85,902
2023/05/31 14:00:31.566,LocalForwarder2,result,result,61,773,1181.08,170.25,804.74,0.32,0.01,0.32,5.32,903
2023/05/31 14:00:31.919,LocalForwarder2,result,result,62,774,1385.22,166.18,354.94,0.32,0.01,0.32,2.58,904
2023/05/31 14:00:32.964,LocalForwarder2,result,result,63,775,2056.5,176.35,1039.33,0.32,0.01,0.32,5.63,906
2023/05/31 14:00:33.686,LocalForwarder2,result,result,67,776,1047.06,166.45,723.2,0.32,0.01,0.32,2.55,908
2023/05/31 14:00:34.613,LocalForwarder2,result,result,68,777,1965.25,170.98,922.64,0.32,0.01,0.32,5.2,910
2023/05/31 14:00:35.355,LocalForwarder2,result,result,69,778,2257.18,165.3,743.66,0.32,0.01,0.32,2.5,912
2023/05/31 14:00:35.723,LocalForwarder2,result,result,72,779,1357.39,166.61,365.49,0.32,0.01,0.32,2.53,913
2023/05/31 14:00:36.024,LocalForwarder2,result,result,74,780,903.29,172.3,296.86,0.32,0.02,0.32,5.53,914
2023/05/31 14:00:37.465,LocalForwarder2,result,result,76,781,484.55,172.53,1436.42,0.32,0.01,0.32,7.72,917
2023/05/31 14:00:39.326,LocalForwarder2,result,result,82,782,480.01,172.05,1862.49,0.32,0.01,0.32,2.9,923
2023/05/31 14:00:39.852,LocalForwarder2,result,result,83,783,995.31,171.42,525.49,0.32,0.01,0.32,2.36,925
2023/05/31 14:00:40.433,LocalForwarder2,result,result,85,784,1267.55,166.41,576.22,0.32,0.01,0.32,5.16,927
2023/05/31 14:00:40.929,LocalForwarder2,result,result,86,785,1434.87,169.82,496.7,0.32,0.02,0.32,2.42,929
2023/05/31 14:00:41.525,LocalForwarder2,result,result,89,786,1212.91,165.63,593.03,0.32,0.01,0.32,3.11,931
2023/05/31 14:00:41.962,LocalForwarder2,result,result,91,787,1105.54,166.14,432.69,0.32,0.01,0.32,5.54,933
2023/05/31 14:00:42.437,LocalForwarder2,result,result,93,788,965.17,175.05,476.9,0.32,0.01,0.32,2.53,935
2023/05/31 14:00:42.708,LocalForwarder2,result,result,94,789,890.46,166.63,268.84,0.32,0.01,0.32,2.48,936
2023/05/31 14:00:43.196,LocalForwarder2,result,result,95,790,972.86,165.3,483.89,0.32,0.01,0.32,5.04,938
2023/05/31 14:00:44.118,LocalForwarder2,result,result,98,791,1476.41,170.55,921.44,0.32,0.01,0.32,3.04,940
2023/05/31 14:00:44.851,LocalForwarder2,result,result,101,792,1023.36,167.31,730.0,0.38,0.01,0.38,5.04,942
2023/05/31 14:00:45.712,LocalForwarder2,result,result,103,793,939.34,194.5,861.42,0.32,0.01,0.32,2.63,944
2023/05/31 14:00:47.133,LocalForwarder2,result,result,106,794,509.19,172.37,1418.0,0.32,0.01,0.32,3.38,947
2023/05/31 14:00:48.279,LocalForwarder2,result,result,110,795,405.4,165.92,1143.51,0.32,0.01,0.32,3.15,951
2023/05/31 14:00:48.737,LocalForwarder2,result,result,111,796,849.14,173.82,454.0,0.32,0.01,0.32,6.39,953
2023/05/31 14:00:49.299,LocalForwarder2,result,result,113,797,1168.93,167.02,559.92,0.32,0.02,0.32,5.09,955
2023/05/31 14:00:49.865,LocalForwarder2,result,result,116,798,696.22,167.13,567.6,0.32,0.01,0.32,2.7,957
2023/05/31 14:00:50.799,LocalForwarder2,result,result,118,799,1133.98,174.97,931.13,0.32,0.01,0.32,2.95,959
2023/05/31 14:00:51.768,LocalForwarder2,result,result,121,800,442.29,166.11,965.23,0.32,0.01,0.32,4.87,962
2023/05/31 14:00:52.240,LocalForwarder2,result,result,122,801,895.3,171.52,472.57,0.32,0.01,0.32,2.39,965
2023/05/31 14:00:52.716,LocalForwarder2,result,result,124,802,1081.0,166.26,473.97,0.32,0.01,0.32,2.84,966
2023/05/31 14:00:53.256,LocalForwarder2,result,result,125,803,1346.88,166.62,535.57,0.32,0.01,0.32,5.28,968
2023/05/31 14:00:54.044,LocalForwarder2,result,result,129,804,908.24,170.38,788.94,0.32,0.01,0.32,2.73,971
2023/05/31 14:00:54.465,LocalForwarder2,result,result,130,805,1318.19,166.38,416.24,0.32,0.01,0.32,5.98,972
2023/05/31 14:00:54.835,LocalForwarder2,result,result,131,806,1456.67,165.95,371.51,0.32,0.01,0.32,2.73,974
2023/05/31 14:00:55.281,LocalForwarder2,result,result,134,807,863.04,171.28,444.3,0.32,0.01,0.32,2.52,976
2023/05/31 14:00:55.630,LocalForwarder2,result,result,135,808,1012.96,166.32,347.17,0.32,0.01,0.32,2.46,977
2023/05/31 14:00:56.052,LocalForwarder2,result,result,136,809,1042.93,166.93,414.83,0.32,0.01,0.32,7.09,978
2023/05/31 14:00:56.274,LocalForwarder2,result,result,137,810,831.66,165.69,224.61,0.32,0.01,0.32,2.39,979
2023/05/31 14:00:56.556,LocalForwarder2,result,result,138,811,778.32,172.01,280.52,0.32,0.01,0.32,2.65,980
2023/05/31 14:00:56.945,LocalForwarder2,result,result,139,812,715.28,166.82,385.93,0.32,0.01,0.32,3.75,981
2023/05/31 14:00:57.399,LocalForwarder2,result,result,140,813,975.9,166.79,449.92,0.32,0.01,0.32,5.31,983
2023/05/31 14:00:57.875,LocalForwarder2,result,result,144,814,543.78,170.96,477.29,0.32,0.01,0.32,2.5,986
2023/05/31 14:00:58.331,LocalForwarder2,result,result,145,815,976.31,166.71,454.02,0.32,0.01,0.32,2.52,987
2023/05/31 14:00:58.579,LocalForwarder2,result,result,146,816,984.86,166.12,243.33,0.32,0.01,0.32,4.36,988
2023/05/31 14:00:58.797,LocalForwarder2,result,result,147,817,750.41,167.19,214.55,0.32,0.01,0.32,6.36,989
2023/05/31 14:00:59.008,LocalForwarder2,result,result,148,818,492.31,166.22,213.1,0.32,0.01,0.32,2.41,990
2023/05/31 14:00:59.288,LocalForwarder2,result,result,149,819,551.62,173.02,275.98,0.32,0.01,0.32,3.55,991
2023/05/31 14:00:59.519,LocalForwarder2,result,result,150,820,570.63,166.29,229.04,0.32,0.01,0.32,3.49,992
2023/05/31 14:00:59.803,LocalForwarder2,result,result,151,821,606.08,167.32,282.08,0.32,0.03,0.32,3.32,993
2023/05/31 14:01:00.358,LocalForwarder2,result,result,152,822,945.36,167.04,554.86,0.32,0.01,0.32,2.82,996
2023/05/31 14:01:00.739,LocalForwarder2,result,result,154,823,1028.69,174.64,378.85,0.32,0.01,0.32,2.56,997
2023/05/31 14:01:01.728,LocalForwarder2,result,result,156,824,1753.41,167.19,983.74,0.32,0.01,0.32,5.6,999
2023/05/31 14:01:02.424,LocalForwarder2,result,result,158,825,1888.13,173.13,696.95,0.32,0.01,0.32,2.9,1002
2023/05/31 14:01:02.795,LocalForwarder2,result,result,161,826,1350.94,166.47,370.22,0.32,0.01,0.32,2.38,1004
2023/05/31 14:01:03.180,LocalForwarder2,result,result,162,827,1282.02,166.18,379.93,0.32,0.01,0.32,4.94,1005
2023/05/31 14:01:03.636,LocalForwarder2,result,result,165,828,922.56,171.25,456.16,0.32,0.01,0.32,3.22,1007
2023/05/31 14:01:04.127,LocalForwarder2,result,result,167,829,973.51,166.2,488.93,0.32,0.01,0.32,3.11,1009
2023/05/31 14:01:04.563,LocalForwarder2,result,result,169,830,905.58,166.61,431.25,0.32,0.01,0.32,5.32,1011
2023/05/31 14:01:05.035,LocalForwarder2,result,result,171,831,869.11,172.16,473.78,0.32,0.05,0.32,2.54,1014
2023/05/31 14:01:05.828,LocalForwarder2,result,result,175,832,399.06,166.93,776.07,0.38,0.02,0.38,15.0,1016
2023/05/31 14:01:06.353,LocalForwarder2,result,result,176,833,919.89,171.05,534.44,0.38,0.01,0.38,2.71,1018
2023/05/31 14:01:08.038,LocalForwarder2,result,result,181,834,531.58,169.39,1682.51,0.32,0.01,0.32,2.6,1022
2023/05/31 14:01:08.676,LocalForwarder2,result,result,182,835,1159.44,166.43,636.27,0.32,0.01,0.32,2.72,1025
2023/05/31 14:01:09.203,LocalForwarder2,result,result,185,836,621.8,176.32,525.15,0.32,0.01,0.32,2.58,1026
2023/05/31 14:01:09.704,LocalForwarder2,result,result,186,837,1109.1,170.97,498.9,0.32,0.01,0.32,2.81,1028
2023/05/31 14:01:10.211,LocalForwarder2,result,result,189,838,624.72,167.16,501.41,0.32,0.01,0.32,7.33,1030
2023/05/31 14:01:10.764,LocalForwarder2,result,result,190,839,1175.35,165.81,555.75,0.32,0.01,0.32,2.59,1032
2023/05/31 14:01:11.437,LocalForwarder2,result,result,192,840,1233.59,170.83,668.25,0.32,0.01,0.32,5.05,1034
2023/05/31 14:01:11.987,LocalForwarder2,result,result,195,841,785.13,165.84,551.3,0.32,0.01,0.32,2.49,1036
2023/05/31 14:01:12.698,LocalForwarder2,result,result,196,842,1482.07,172.5,706.32,0.32,0.01,0.32,4.13,1039
2023/05/31 14:01:13.099,LocalForwarder2,result,result,198,843,1228.25,165.49,400.38,0.32,0.01,0.32,2.8,1040
2023/05/31 14:01:13.464,LocalForwarder2,result,result,199,844,1292.34,165.68,363.31,0.32,0.01,0.32,2.47,1041
2023/05/31 14:01:13.888,LocalForwarder2,result,result,200,845,1064.11,166.11,422.64,0.32,0.01,0.32,2.74,1042
2023/05/31 14:01:14.202,LocalForwarder2,result,result,201,846,944.1,172.28,309.26,0.32,0.01,0.32,4.8,1043
2023/05/31 14:01:14.495,LocalForwarder2,result,result,202,847,893.4,167.56,293.52,0.32,0.01,0.32,2.6,1044
2023/05/31 14:01:15.108,LocalForwarder2,result,result,203,848,1049.5,166.48,611.29,0.32,0.01,0.32,2.57,1045
2023/05/31 14:01:15.418,LocalForwarder2,result,result,204,849,1089.0,172.9,305.64,0.32,0.01,0.32,5.26,1046
2023/05/31 14:01:16.157,LocalForwarder2,result,result,205,850,1508.45,166.5,739.76,0.32,0.01,0.32,2.56,1048
2023/05/31 14:01:17.252,LocalForwarder2,result,result,207,851,1952.66,171.24,1090.89,0.32,0.01,0.32,4.81,1050
2023/05/31 14:01:18.006,LocalForwarder2,result,result,2,852,9955.9,166.13,755.14,0.38,0.01,0.38,2.33,1053
2023/05/31 14:01:18.361,LocalForwarder2,result,result,5,853,9650.36,165.9,353.02,0.32,0.01,0.32,2.82,1055
2023/05/31 14:01:19.144,LocalForwarder2,result,result,6,854,10418.36,170.53,781.76,0.32,0.01,0.32,2.38,1059
2023/05/31 14:01:19.927,LocalForwarder2,result,result,10,855,9489.09,166.36,780.06,0.32,0.01,0.32,2.74,1061
2023/05/31 14:01:20.554,LocalForwarder2,result,result,11,856,10112.78,171.05,621.91,0.32,0.01,0.32,5.66,1064
2023/05/31 14:01:21.380,LocalForwarder2,result,result,12,857,10926.76,323.67,827.69,0.32,0.01,0.32,2.6,1067
2023/05/31 14:01:21.414,LocalForwarder2,result,result,213,858,1956.41,165.7,32.29,0.32,0.01,0.32,2.33,1068
2023/05/31 14:01:21.911,LocalForwarder2,result,result,15,859,10298.13,171.54,490.95,0.38,0.01,0.38,6.28,1070
2023/05/31 14:01:22.531,LocalForwarder2,result,result,17,860,10249.08,166.76,621.38,0.32,0.01,0.32,3.46,1073
2023/05/31 14:01:22.860,LocalForwarder2,result,result,214,861,3379.12,166.41,327.81,0.32,0.01,0.32,2.6,1075
2023/05/31 14:01:23.059,LocalForwarder2,result,result,18,862,10604.57,166.07,196.86,0.32,0.01,0.32,2.82,1076
2023/05/31 14:01:23.450,LocalForwarder2,result,result,215,863,3946.94,172.23,387.37,0.32,0.01,0.32,4.84,1077
2023/05/31 14:01:23.974,LocalForwarder2,result,result,20,864,10938.64,173.92,523.97,0.32,0.01,0.32,2.94,1080
2023/05/31 14:01:24.380,LocalForwarder2,result,result,217,865,2701.55,166.75,403.83,0.32,0.01,0.32,3.77,1082
2023/05/31 14:01:24.663,LocalForwarder2,result,result,21,866,11023.6,171.01,278.85,0.38,0.01,0.38,5.33,1083
2023/05/31 14:01:25.135,LocalForwarder2,result,result,219,867,1938.34,165.06,472.31,0.32,0.01,0.32,2.99,1085
2023/05/31 14:01:25.277,LocalForwarder2,result,result,23,868,11076.06,165.71,140.57,0.38,0.01,0.38,2.48,1086
2023/05/31 14:01:25.898,LocalForwarder2,result,result,220,869,2200.17,172.77,616.25,0.38,0.01,0.38,4.91,1088
2023/05/31 14:01:26.025,LocalForwarder2,result,result,26,870,10890.68,166.15,128.67,0.38,0.01,0.38,2.43,1089
2023/05/31 14:01:26.366,LocalForwarder2,result,result,221,871,1622.62,166.19,339.24,0.32,0.01,0.32,2.6,1091
2023/05/31 14:01:26.681,LocalForwarder2,result,result,27,872,10902.89,166.62,312.7,0.38,0.02,0.38,2.43,1093
2023/05/31 14:01:27.281,LocalForwarder2,result,result,222,873,1983.78,170.28,595.86,0.32,0.01,0.32,4.89,1095
2023/05/31 14:01:28.319,LocalForwarder2,result,result,34,874,9575.74,166.4,1039.32,0.38,0.01,0.38,2.32,1099
2023/05/31 14:01:28.789,LocalForwarder2,result,result,226,875,1824.72,172.03,466.54,0.32,0.01,0.32,3.42,1102
2023/05/31 14:01:29.289,LocalForwarder2,result,result,36,876,9947.17,166.82,497.2,0.38,0.01,0.38,3.1,1103
2023/05/31 14:01:29.493,LocalForwarder2,result,result,227,877,2521.47,165.75,202.96,0.32,0.01,0.32,2.43,1105
2023/05/31 14:01:30.505,LocalForwarder2,result,result,37,878,11163.83,174.49,1009.91,0.38,0.01,0.38,2.5,1108
2023/05/31 14:01:30.625,LocalForwarder2,result,result,229,879,2285.64,165.47,118.27,0.32,0.01,0.32,2.42,1109
2023/05/31 14:01:31.283,LocalForwarder2,result,result,230,880,2320.19,165.85,656.63,0.32,0.01,0.32,2.49,1111
2023/05/31 14:01:31.505,LocalForwarder2,result,result,38,881,12035.34,165.84,217.28,0.38,0.01,0.38,5.1,1113
2023/05/31 14:01:32.005,LocalForwarder2,result,result,231,882,2227.47,172.07,501.53,0.32,0.01,0.32,2.41,1114
2023/05/31 14:01:32.131,LocalForwarder2,result,result,41,883,11392.68,166.19,123.4,0.38,0.01,0.38,2.85,1116
2023/05/31 14:01:32.965,LocalForwarder2,result,result,42,884,11297.69,165.61,829.32,0.38,0.01,0.38,5.19,1118
2023/05/31 14:01:33.592,LocalForwarder2,result,result,43,885,10876.5,173.22,628.79,0.38,0.01,0.38,2.44,1121
2023/05/31 14:01:33.719,LocalForwarder2,result,result,234,886,2823.15,168.84,123.85,0.32,0.01,0.32,3.36,1122
2023/05/31 14:01:33.844,LocalForwarder2,result,result,45,887,10610.4,165.99,124.32,0.38,0.01,0.38,2.33,1123
2023/05/31 14:01:34.225,LocalForwarder2,result,result,47,888,10125.52,165.9,377.19,0.38,0.01,0.38,4.91,1125
2023/05/31 14:01:34.777,LocalForwarder2,result,result,235,889,3059.17,167.96,552.36,0.32,0.01,0.32,2.5,1127
2023/05/31 14:01:34.909,LocalForwarder2,result,result,48,890,10212.06,169.89,130.19,0.38,0.01,0.38,2.34,1128
2023/05/31 14:01:35.224,LocalForwarder2,result,result,49,891,10169.26,166.17,312.42,0.38,0.01,0.38,3.51,1129
2023/05/31 14:01:35.608,LocalForwarder2,result,result,237,892,3364.57,166.06,382.79,0.38,0.01,0.38,2.59,1132
2023/05/31 14:01:35.755,LocalForwarder2,result,result,51,893,10386.56,165.78,144.9,0.38,0.01,0.38,2.39,1133
2023/05/31 14:01:36.039,LocalForwarder2,result,result,52,894,10058.56,165.42,281.84,0.38,0.01,0.38,2.44,1134
2023/05/31 14:01:36.194,LocalForwarder2,result,result,239,895,2324.66,171.16,153.83,0.32,0.01,0.32,2.54,1135
2023/05/31 14:01:36.326,LocalForwarder2,result,result,54,896,9917.73,165.67,129.82,0.38,0.01,0.38,2.39,1136
2023/05/31 14:01:36.650,LocalForwarder2,result,result,241,897,1681.78,166.02,322.62,0.32,0.01,0.32,2.38,1137
2023/05/31 14:01:37.144,LocalForwarder2,result,result,55,898,10253.94,165.92,492.04,0.38,0.01,0.38,2.49,1140
2023/05/31 14:01:37.565,LocalForwarder2,result,result,242,899,1677.63,171.0,419.25,0.32,0.01,0.32,2.64,1142
2023/05/31 14:01:37.926,LocalForwarder2,result,result,56,900,10737.7,165.88,359.03,0.38,0.01,0.38,2.54,1143
2023/05/31 14:01:38.560,LocalForwarder2,result,result,58,901,11103.32,165.99,631.17,0.38,0.01,0.38,2.85,1146
2023/05/31 14:01:38.913,LocalForwarder2,result,result,61,902,10578.47,172.62,351.79,0.38,0.01,0.38,2.59,1147
2023/05/31 14:01:39.039,LocalForwarder2,result,result,244,903,2583.76,166.05,124.61,0.32,0.01,0.32,2.64,1148
2023/05/31 14:01:39.650,LocalForwarder2,result,result,62,904,10531.55,166.11,609.14,0.32,0.01,0.32,2.54,1151
2023/05/31 14:01:40.640,LocalForwarder2,result,result,247,905,3326.2,170.4,987.22,0.38,0.01,0.38,3.19,1154
2023/05/31 14:01:40.858,LocalForwarder2,result,result,63,906,11158.1,165.92,216.4,0.32,0.01,0.32,2.49,1156
2023/05/31 14:01:41.287,LocalForwarder2,result,result,67,907,10583.12,166.33,427.6,0.32,0.01,0.32,2.51,1157
2023/05/31 14:01:41.441,LocalForwarder2,result,result,248,908,3395.63,166.24,151.89,0.32,0.01,0.32,2.39,1158
2023/05/31 14:01:42.011,LocalForwarder2,result,result,68,909,11196.31,171.7,567.65,0.32,0.01,0.32,2.54,1160
2023/05/31 14:01:42.376,LocalForwarder2,result,result,69,910,10399.93,165.76,363.32,0.38,0.01,0.38,2.44,1162
2023/05/31 14:01:42.714,LocalForwarder2,result,result,72,911,10210.81,165.48,335.88,0.32,0.01,0.32,2.56,1165
2023/05/31 14:01:43.250,LocalForwarder2,result,result,254,912,580.0,170.11,534.85,0.32,0.01,0.32,2.4,1167
2023/05/31 14:01:43.933,LocalForwarder2,result,result,74,913,9909.37,165.53,681.72,0.32,0.01,0.32,2.39,1170
2023/05/31 14:01:44.864,LocalForwarder2,result,result,257,914,611.81,171.98,925.75,0.32,0.01,0.32,5.51,1172
2023/05/31 14:01:45.580,LocalForwarder2,result,result,258,915,1317.11,167.7,714.69,0.32,0.01,0.32,4.12,1174
2023/05/31 14:01:46.125,LocalForwarder2,result,result,259,916,1846.28,173.37,542.33,0.32,0.01,0.32,4.91,1176
2023/05/31 14:01:46.261,LocalForwarder2,result,result,76,917,11762.56,165.81,136.59,0.32,0.01,0.32,2.53,1178
2023/05/31 14:01:46.805,LocalForwarder2,result,result,260,918,1769.57,165.41,541.76,0.32,0.02,0.32,2.47,1179
2023/05/31 14:01:47.365,LocalForwarder2,result,result,262,919,1456.99,170.18,555.94,0.32,0.01,0.32,4.95,1181
2023/05/31 14:01:48.631,LocalForwarder2,result,result,265,920,2017.27,171.2,1264.01,0.32,0.01,0.32,4.85,1184
2023/05/31 14:01:49.829,LocalForwarder2,result,result,266,921,2811.71,170.4,1198.49,0.32,0.01,0.32,2.47,1186
2023/05/31 14:01:51.185,LocalForwarder2,result,result,269,922,2879.74,475.03,1354.8,0.32,0.01,0.32,2.48,1189
2023/05/31 14:01:51.714,LocalForwarder2,result,result,272,923,1271.32,176.68,524.88,0.32,0.01,0.32,4.99,1190
2023/05/31 14:01:54.312,LocalForwarder2,result,result,82,924,9441.26,170.3,2596.85,0.32,0.01,0.32,3.71,1196
2023/05/31 14:01:54.766,LocalForwarder2,result,result,83,925,9875.47,165.51,448.24,0.32,0.01,0.32,6.68,1197
2023/05/31 14:01:55.192,LocalForwarder2,result,result,85,926,9716.84,166.12,429.54,0.32,0.01,0.32,2.67,1200
2023/05/31 14:01:55.680,LocalForwarder2,result,result,86,927,10185.4,174.35,481.92,0.32,0.01,0.32,5.05,1202
2023/05/31 14:01:56.164,LocalForwarder2,result,result,89,928,9350.27,165.86,481.84,0.32,0.01,0.32,5.28,1205
2023/05/31 14:01:56.699,LocalForwarder2,result,result,91,929,9429.5,166.42,535.55,0.32,0.01,0.32,2.9,1207
2023/05/31 14:01:57.077,LocalForwarder2,result,result,93,930,9292.51,170.65,376.31,0.38,0.01,0.38,2.58,1209
2023/05/31 14:01:57.544,LocalForwarder2,result,result,94,931,9756.29,166.44,462.03,0.38,0.01,0.38,5.5,1212
2023/05/31 14:01:57.886,LocalForwarder2,result,result,278,932,1716.33,168.61,342.37,0.32,0.01,0.32,3.9,1213
2023/05/31 14:01:58.020,LocalForwarder2,result,result,95,933,10203.82,166.22,132.23,0.38,0.01,0.38,2.73,1215
2023/05/31 14:01:58.439,LocalForwarder2,result,result,98,934,9688.31,170.41,417.38,0.32,0.01,0.32,2.83,1217
2023/05/31 14:01:59.174,LocalForwarder2,result,result,101,935,9349.65,167.35,734.02,0.38,0.01,0.38,2.55,1220
2023/05/31 14:01:59.299,LocalForwarder2,result,result,279,936,3119.73,165.38,123.24,0.32,0.01,0.32,2.52,1221
2023/05/31 14:01:59.765,LocalForwarder2,result,result,103,937,9474.39,170.69,463.57,0.32,0.01,0.32,2.97,1223
2023/05/31 14:01:59.983,LocalForwarder2,result,result,280,938,3792.8,165.44,216.02,0.32,0.01,0.32,2.76,1225
2023/05/31 14:02:00.435,LocalForwarder2,result,result,106,939,9344.0,165.78,450.61,0.32,0.01,0.32,3.04,1227
2023/05/31 14:02:01.509,LocalForwarder2,result,result,110,940,9457.55,171.53,1069.0,0.32,0.01,0.32,5.69,1232
2023/05/31 14:02:01.935,LocalForwarder2,result,result,111,941,9886.89,167.87,427.56,0.32,0.01,0.32,2.45,1234
2023/05/31 14:02:02.066,LocalForwarder2,result,result,281,942,3922.78,165.61,128.97,0.32,0.01,0.32,2.47,1235
2023/05/31 14:02:02.694,LocalForwarder2,result,result,113,943,10127.55,166.43,626.03,0.32,0.01,0.32,2.53,1238
2023/05/31 14:02:03.149,LocalForwarder2,result,result,116,944,9326.55,171.83,452.56,0.38,0.01,0.38,3.31,1240
2023/05/31 14:02:03.274,LocalForwarder2,result,result,284,945,3862.53,165.38,124.47,0.32,0.01,0.32,2.42,1241
2023/05/31 14:02:03.940,LocalForwarder2,result,result,118,946,9647.79,166.66,663.44,0.38,0.01,0.38,2.5,1243
2023/05/31 14:02:05.512,LocalForwarder2,result,result,286,947,4042.14,169.59,1568.27,0.32,0.01,0.32,5.18,1246
2023/05/31 14:02:05.889,LocalForwarder2,result,result,121,948,10325.43,165.61,377.35,0.38,0.01,0.38,2.74,1248
2023/05/31 14:02:06.448,LocalForwarder2,result,result,122,949,10884.67,165.84,557.45,0.38,0.01,0.38,2.38,1249
2023/05/31 14:02:06.919,LocalForwarder2,result,result,287,950,4674.67,172.08,466.32,0.32,0.01,0.32,5.06,1250
2023/05/31 14:02:07.042,LocalForwarder2,result,result,124,951,10034.3,166.48,123.51,0.38,0.01,0.38,2.51,1251
2023/05/31 14:02:07.412,LocalForwarder2,result,result,125,952,10389.21,164.45,369.22,0.38,0.01,0.38,2.45,1254
2023/05/31 14:02:07.984,LocalForwarder2,result,result,288,953,4220.64,165.15,569.98,0.32,0.01,0.32,2.4,1256
2023/05/31 14:02:08.694,LocalForwarder2,result,result,129,954,9267.49,171.98,706.83,0.38,0.01,0.38,2.94,1259
2023/05/31 14:02:09.066,LocalForwarder2,result,result,130,955,9623.06,165.63,369.82,0.38,0.01,0.38,2.87,1262
2023/05/31 14:02:09.795,LocalForwarder2,result,result,131,956,10337.1,167.3,727.89,0.38,0.01,0.38,2.56,1264
2023/05/31 14:02:09.924,LocalForwarder2,result,result,293,957,1255.57,169.11,128.0,0.32,0.01,0.32,2.42,1265
2023/05/31 14:02:10.142,LocalForwarder2,result,result,134,958,9208.51,164.71,214.82,0.32,0.01,0.32,2.91,1266
2023/05/31 14:02:10.529,LocalForwarder2,result,result,135,959,9579.79,165.64,386.14,0.32,0.01,0.32,2.62,1269
2023/05/31 14:02:10.952,LocalForwarder2,result,result,294,960,2270.97,167.49,418.0,0.32,0.01,0.32,5.38,1270
2023/05/31 14:02:11.076,LocalForwarder2,result,result,136,961,10112.19,165.07,125.79,0.32,0.01,0.32,2.46,1271
2023/05/31 14:02:11.488,LocalForwarder2,result,result,137,962,10163.15,171.23,410.26,0.38,0.01,0.38,2.56,1272
2023/05/31 14:02:11.801,LocalForwarder2,result,result,138,963,10129.9,165.47,310.38,0.38,0.01,0.38,2.45,1275
2023/05/31 14:02:12.067,LocalForwarder2,result,result,139,964,9862.74,164.87,264.5,0.38,0.01,0.38,2.55,1276
2023/05/31 14:02:12.399,LocalForwarder2,result,result,140,965,9786.28,166.83,330.1,0.38,0.01,0.38,2.49,1278
2023/05/31 14:02:12.533,LocalForwarder2,result,result,295,966,3839.66,165.2,132.58,0.32,0.01,0.32,2.6,1279
2023/05/31 14:02:12.864,LocalForwarder2,result,result,144,967,9262.19,170.94,328.83,0.38,0.01,0.38,2.35,1280
2023/05/31 14:02:13.207,LocalForwarder2,result,result,145,968,9589.33,165.71,341.01,0.38,0.01,0.38,2.49,1282
2023/05/31 14:02:13.410,LocalForwarder2,result,result,297,969,3411.53,164.3,201.79,0.32,0.01,0.32,2.57,1283
2023/05/31 14:02:13.609,LocalForwarder2,result,result,146,970,9973.55,165.56,194.44,0.38,0.01,0.38,5.0,1284
2023/05/31 14:02:13.879,LocalForwarder2,result,result,147,971,9866.92,165.64,267.9,0.38,0.01,0.38,3.83,1287
2023/05/31 14:02:14.119,LocalForwarder2,result,result,148,972,9779.04,169.59,239.51,0.38,0.01,0.38,2.7,1288
2023/05/31 14:02:14.339,LocalForwarder2,result,result,149,973,9591.38,165.06,218.64,0.38,0.01,0.38,2.46,1289
2023/05/31 14:02:14.512,LocalForwarder2,result,result,298,974,3359.02,167.34,170.48,0.32,0.01,0.32,2.93,1290
2023/05/31 14:02:14.650,LocalForwarder2,result,result,150,975,9635.65,167.2,137.13,0.38,0.01,0.38,2.48,1291
2023/05/31 14:02:14.789,LocalForwarder2,result,result,151,976,9538.12,165.99,135.57,0.38,0.01,0.38,3.5,1292
2023/05/31 14:02:15.032,LocalForwarder2,result,result,152,977,9551.66,166.01,237.53,0.38,0.01,0.38,6.0,1293
2023/05/31 14:02:15.279,LocalForwarder2,result,result,154,978,9589.87,165.25,248.79,0.38,0.01,0.38,2.58,1296
2023/05/31 14:02:15.613,LocalForwarder2,result,result,156,979,9719.09,170.44,331.37,0.38,0.01,0.38,2.47,1297
2023/05/31 14:02:15.902,LocalForwarder2,result,result,158,980,9490.33,166.99,287.79,0.38,0.01,0.38,2.42,1299
2023/05/31 14:02:16.028,LocalForwarder2,result,result,300,981,3373.07,165.09,124.27,0.32,0.01,0.32,2.48,1300
2023/05/31 14:02:16.521,LocalForwarder2,result,result,161,982,9151.79,165.52,490.58,0.38,0.01,0.38,2.92,1303
2023/05/31 14:02:16.804,LocalForwarder2,result,result,303,983,2700.45,165.67,281.34,0.32,0.01,0.32,2.46,1305
2023/05/31 14:02:16.941,LocalForwarder2,result,result,162,984,9550.29,170.2,135.71,0.38,0.01,0.38,2.46,1306
2023/05/31 14:02:17.478,LocalForwarder2,result,result,165,985,9136.16,166.52,534.55,0.38,0.02,0.38,2.62,1309
2023/05/31 14:02:17.610,LocalForwarder2,result,result,304,986,2953.3,165.84,126.28,0.32,0.01,0.32,6.31,1310
2023/05/31 14:02:17.794,LocalForwarder2,result,result,167,987,9122.38,165.18,185.08,0.38,0.01,0.38,2.96,1312
2023/05/31 14:02:18.259,LocalForwarder2,result,result,169,988,9224.5,169.99,464.0,0.38,0.01,0.38,2.51,1315
2023/05/31 14:02:18.608,LocalForwarder2,result,result,171,989,9148.21,165.89,345.67,0.38,0.02,0.38,3.62,1317
2023/05/31 14:02:18.845,LocalForwarder2,result,result,305,990,2593.07,165.55,233.3,0.32,0.01,0.32,5.15,1319
2023/05/31 14:02:19.513,LocalForwarder2,result,result,175,991,9206.78,170.54,668.27,0.38,0.01,0.38,2.9,1322
2023/05/31 14:02:19.772,LocalForwarder2,result,result,176,992,9450.4,167.21,257.87,0.38,0.01,0.38,2.44,1324
2023/05/31 14:02:19.900,LocalForwarder2,result,result,308,993,2908.98,164.99,126.03,0.32,0.01,0.32,2.27,1326
2023/05/31 14:02:20.608,LocalForwarder2,result,result,311,994,1108.27,165.84,706.05,0.32,0.01,0.32,2.38,1330
2023/05/31 14:02:21.063,LocalForwarder2,result,result,181,995,9202.66,169.76,453.2,0.38,0.01,0.38,2.35,1332
2023/05/31 14:02:21.382,LocalForwarder2,result,result,182,996,9503.97,165.72,315.2,0.38,0.01,0.38,5.04,1334
2023/05/31 14:02:21.636,LocalForwarder2,result,result,313,997,1138.64,165.24,254.77,0.32,0.01,0.32,2.46,1336
2023/05/31 14:02:22.021,LocalForwarder2,result,result,185,998,9203.6,165.83,382.84,0.38,0.01,0.38,2.54,1337
2023/05/31 14:02:22.399,LocalForwarder2,result,result,186,999,9564.68,170.51,374.91,0.38,0.01,0.38,3.48,1340
2023/05/31 14:02:22.651,LocalForwarder2,result,result,314,1000,2132.6,165.68,249.17,0.32,0.01,0.32,5.05,1342
2023/05/31 14:02:23.031,LocalForwarder2,result,result,189,1001,9271.67,165.65,380.27,0.38,0.01,0.38,2.77,1344
2023/05/31 14:02:23.485,LocalForwarder2,result,result,316,1002,2254.24,166.92,452.56,0.32,0.01,0.32,2.47,1346
2023/05/31 14:02:23.622,LocalForwarder2,result,result,190,1003,9847.1,170.73,135.03,0.38,0.01,0.38,2.49,1347
2023/05/31 14:02:23.921,LocalForwarder2,result,result,192,1004,9235.16,165.84,297.36,0.38,0.01,0.38,2.52,1350
2023/05/31 14:02:24.388,LocalForwarder2,result,result,318,1005,1910.67,165.51,464.91,0.32,0.01,0.32,2.71,1352
2023/05/31 14:02:24.793,LocalForwarder2,result,result,195,1006,9236.21,165.42,403.16,0.38,0.01,0.38,3.09,1354
2023/05/31 14:02:25.017,LocalForwarder2,result,result,196,1007,9447.2,170.43,223.29,0.38,0.02,0.38,2.37,1356
2023/05/31 14:02:25.576,LocalForwarder2,result,result,198,1008,9472.31,166.02,556.83,0.38,0.01,0.38,2.57,1358
2023/05/31 14:02:25.763,LocalForwarder2,result,result,319,1009,2820.35,164.79,185.03,0.32,0.01,0.32,2.62,1359
2023/05/31 14:02:25.904,LocalForwarder2,result,result,199,1010,9783.12,165.49,137.52,0.38,0.01,0.38,3.33,1360
2023/05/31 14:02:26.161,LocalForwarder2,result,result,200,1011,10024.36,166.36,254.41,0.38,0.01,0.38,3.29,1362
2023/05/31 14:02:26.401,LocalForwarder2,result,result,201,1012,9653.61,169.03,239.78,0.38,0.01,0.38,2.52,1364
2023/05/31 14:02:26.567,LocalForwarder2,result,result,202,1013,9552.2,165.57,163.8,0.38,0.01,0.38,2.66,1365
2023/05/31 14:02:26.791,LocalForwarder2,result,result,203,1014,9490.92,165.92,219.51,0.38,0.01,0.38,5.64,1366
2023/05/31 14:02:27.067,LocalForwarder2,result,result,204,1015,9549.3,167.59,276.91,0.38,0.01,0.38,2.6,1368
2023/05/31 14:02:27.193,LocalForwarder2,result,result,321,1016,3533.0,166.66,124.25,0.32,0.01,0.32,2.37,1369
2023/05/31 14:02:27.397,LocalForwarder2,result,result,205,1017,9673.33,167.64,199.3,0.38,0.03,0.38,4.17,1370
2023/05/31 14:02:27.646,LocalForwarder2,result,result,207,1018,9720.0,170.36,248.49,0.38,0.01,0.38,2.6,1373
2023/05/31 14:02:28.190,LocalForwarder2,result,result,323,1019,3608.16,165.31,542.2,0.32,0.01,0.32,2.55,1376
2023/05/31 14:02:28.626,LocalForwarder2,result,result,213,1020,9255.7,166.66,434.61,0.38,0.01,0.38,2.5,1378
2023/05/31 14:02:29.464,LocalForwarder2,result,result,214,1021,10078.23,170.83,836.26,0.38,0.01,0.38,2.65,1382
2023/05/31 14:02:29.720,LocalForwarder2,result,result,215,1022,10318.87,167.09,254.47,0.38,0.01,0.38,2.62,1384
2023/05/31 14:02:30.021,LocalForwarder2,result,result,326,1023,3431.3,165.86,299.01,0.32,0.01,0.32,2.61,1385
2023/05/31 14:02:30.179,LocalForwarder2,result,result,217,1024,10375.17,166.21,156.56,0.38,0.01,0.38,2.5,1386
2023/05/31 14:02:30.369,LocalForwarder2,result,result,219,1025,9806.76,166.27,187.22,0.38,0.01,0.38,3.08,1387
2023/05/31 14:02:30.537,LocalForwarder2,result,result,220,1026,9642.62,165.57,163.5,0.38,0.01,0.38,5.27,1388
2023/05/31 14:02:30.811,LocalForwarder2,result,result,221,1027,9527.64,170.94,275.57,0.38,0.01,0.38,2.78,1390
2023/05/31 14:02:31.134,LocalForwarder2,result,result,222,1028,9644.81,166.17,319.25,0.38,0.01,0.38,3.32,1391
2023/05/31 14:02:31.441,LocalForwarder2,result,result,226,1029,9435.13,165.94,305.77,0.38,0.01,0.38,3.08,1393
2023/05/31 14:02:31.734,LocalForwarder2,result,result,227,1030,9716.75,165.6,291.85,0.38,0.01,0.38,2.44,1395
2023/05/31 14:02:32.129,LocalForwarder2,result,result,229,1031,9646.35,170.38,392.97,0.38,0.01,0.38,2.62,1397
2023/05/31 14:02:32.382,LocalForwarder2,result,result,230,1032,9820.24,165.82,250.61,0.38,0.01,0.38,2.79,1399
2023/05/31 14:02:32.677,LocalForwarder2,result,result,231,1033,9818.36,165.76,294.16,0.38,0.01,0.38,2.57,1401
2023/05/31 14:02:32.955,LocalForwarder2,result,result,234,1034,9659.05,166.64,275.92,0.38,0.01,0.38,2.49,1403
2023/05/31 14:02:33.176,LocalForwarder2,result,result,235,1035,9625.31,165.99,216.52,0.38,0.01,0.38,5.17,1404
2023/05/31 14:02:33.484,LocalForwarder2,result,result,237,1036,9650.07,171.52,307.53,0.38,0.01,0.38,3.74,1406
2023/05/31 14:02:33.721,LocalForwarder2,result,result,239,1037,9621.95,165.89,236.49,0.38,0.01,0.38,2.34,1408
2023/05/31 14:02:34.073,LocalForwarder2,result,result,241,1038,9754.04,165.63,349.97,0.38,0.01,0.38,2.54,1410
2023/05/31 14:02:34.356,LocalForwarder2,result,result,242,1039,9738.69,166.05,281.59,0.38,0.01,0.38,2.48,1412
2023/05/31 14:02:34.629,LocalForwarder2,result,result,244,1040,9728.53,166.5,270.54,0.38,0.01,0.38,2.57,1414
2023/05/31 14:02:34.965,LocalForwarder2,result,result,247,1041,9593.27,170.33,333.89,0.38,0.01,0.38,2.49,1415
2023/05/31 14:02:35.237,LocalForwarder2,result,result,248,1042,9623.28,165.42,270.01,0.38,0.01,0.38,2.83,1418
2023/05/31 14:02:35.881,LocalForwarder2,result,result,254,1043,9171.7,165.73,642.48,0.38,0.01,0.38,2.63,1422
2023/05/31 14:02:36.339,LocalForwarder2,result,result,257,1044,9171.4,169.44,455.88,0.38,0.01,0.38,2.43,1424
2023/05/31 14:02:36.561,LocalForwarder2,result,result,258,1045,9379.73,164.82,220.58,0.38,0.01,0.38,2.49,1426
2023/05/31 14:02:36.846,LocalForwarder2,result,result,259,1046,9641.34,165.39,282.8,0.38,0.01,0.38,2.48,1428
2023/05/31 14:02:37.176,LocalForwarder2,result,result,260,1047,9719.24,271.95,327.57,0.38,0.01,0.38,2.88,1430
2023/05/31 14:02:37.359,LocalForwarder2,result,result,262,1048,9651.37,166.01,180.82,0.38,0.01,0.38,3.06,1431
2023/05/31 14:02:37.647,LocalForwarder2,result,result,265,1049,9502.98,170.61,285.09,0.38,0.01,0.38,3.68,1433
2023/05/31 14:02:37.908,LocalForwarder2,result,result,266,1050,9717.92,165.38,259.84,0.38,0.01,0.38,2.65,1435
2023/05/31 14:02:38.185,LocalForwarder2,result,result,269,1051,9462.21,164.89,275.74,0.38,0.01,0.38,2.44,1437
2023/05/31 14:02:38.513,LocalForwarder2,result,result,272,1052,9199.39,164.84,326.15,0.38,0.01,0.38,2.48,1440
2023/05/31 14:02:39.531,LocalForwarder2,result,result,278,1053,9210.04,169.87,1013.24,0.38,0.01,0.38,5.0,1445
2023/05/31 14:02:39.821,LocalForwarder2,result,result,279,1054,9481.85,165.36,290.66,0.38,0.01,0.38,2.7,1447
2023/05/31 14:02:40.069,LocalForwarder2,result,result,280,1055,9718.56,165.05,245.88,0.38,0.01,0.38,2.97,1449
2023/05/31 14:02:40.405,LocalForwarder2,result,result,281,1056,9735.38,164.7,334.89,0.38,0.01,0.38,2.88,1451
2023/05/31 14:02:40.718,LocalForwarder2,result,result,284,1057,9715.14,165.5,310.63,0.38,0.01,0.38,2.98,1453
2023/05/31 14:02:40.959,LocalForwarder2,result,result,286,1058,9664.54,170.44,237.01,0.38,0.01,0.38,5.21,1454
2023/05/31 14:02:41.111,LocalForwarder2,result,result,287,1059,9518.8,165.62,152.42,0.38,0.01,0.38,2.58,1455
2023/05/31 14:02:41.275,LocalForwarder2,result,result,288,1060,9431.92,165.65,162.31,0.38,0.01,0.38,2.4,1456
2023/05/31 14:07:33.076,LocalForwarder2,result,result,2,1061,16827.34,166.28,291798.68,0.32,0.01,0.32,2.84,1460
2023/05/31 14:07:34.886,LocalForwarder2,result,result,2,1062,31279.35,170.04,1805.98,0.32,0.01,0.32,4.75,1461
2023/05/31 14:07:35.790,LocalForwarder2,result,result,5,1063,11140.3,164.3,905.46,0.32,0.01,0.32,2.52,1463
2023/05/31 14:07:36.951,LocalForwarder2,result,result,5,1064,22015.8,168.86,1155.81,0.32,0.01,0.32,5.01,1464
2023/05/31 14:07:39.918,LocalForwarder2,result,result,6,1065,15247.42,170.54,2967.92,0.32,0.01,0.32,2.63,1467
2023/05/31 14:07:55.368,LocalForwarder2,result,result,10,1066,7396.49,165.93,15448.57,0.32,0.01,0.32,2.36,1472
2023/05/31 14:07:57.005,LocalForwarder2,result,result,11,1067,9022.55,169.58,1634.99,0.32,0.01,0.32,2.73,1475
2023/05/31 14:07:58.919,LocalForwarder2,result,result,12,1068,10911.42,169.54,1911.06,0.32,0.01,0.32,3.69,1477
2023/05/31 14:07:59.339,LocalForwarder2,result,result,15,1069,3774.21,165.1,419.23,0.38,0.01,0.38,2.59,1478
2023/05/31 14:08:00.380,LocalForwarder2,result,result,17,1070,3229.14,174.18,1036.88,0.38,0.01,0.38,3.68,1480
2023/05/31 14:08:00.918,LocalForwarder2,result,result,18,1071,1862.54,165.11,536.96,0.38,0.01,0.38,2.79,1481
2023/05/31 14:08:01.202,LocalForwarder2,result,result,6,1072,46269.71,164.78,282.67,0.32,0.01,0.32,2.7,1482
2023/05/31 14:08:02.221,LocalForwarder2,result,result,10,1073,33910.59,169.75,1017.11,0.32,0.01,0.32,2.59,1484
2023/05/31 14:08:02.728,LocalForwarder2,result,result,11,1074,34417.02,165.18,504.69,0.32,0.01,0.32,2.7,1485
2023/05/31 14:08:02.898,LocalForwarder2,result,result,20,1075,3336.64,165.23,169.3,0.38,0.01,0.38,2.62,1486
2023/05/31 14:08:03.380,LocalForwarder2,result,result,12,1076,11062.92,164.57,475.58,0.38,0.01,0.38,6.38,1487
2023/05/31 14:08:04.741,LocalForwarder2,result,result,21,1077,4242.15,169.97,1360.57,0.38,0.01,0.38,4.88,1489
2023/05/31 14:08:05.408,LocalForwarder2,result,result,23,1078,4336.7,164.13,667.28,0.32,0.02,0.32,2.9,1491
2023/05/31 14:08:06.636,LocalForwarder2,result,result,26,1079,3522.87,170.06,1226.88,0.32,0.01,0.32,2.36,1493
2023/05/31 14:08:07.633,LocalForwarder2,result,result,27,1080,2764.98,164.32,992.54,0.32,0.01,0.32,4.92,1495
2023/05/31 14:08:09.328,LocalForwarder2,result,result,34,1081,695.02,169.16,1696.11,0.43,0.01,0.43,2.62,1499
2023/05/31 14:08:10.244,LocalForwarder2,result,result,36,1082,875.71,163.76,910.87,0.38,0.01,0.38,4.99,1501
2023/05/31 14:08:11.223,LocalForwarder2,result,result,37,1083,1848.02,170.14,980.66,0.38,0.01,0.38,2.48,1503
2023/05/31 14:08:12.111,LocalForwarder2,result,result,38,1084,2580.65,164.39,882.41,0.32,0.01,0.32,5.77,1504
2023/05/31 14:08:13.237,LocalForwarder2,result,result,41,1085,1826.6,168.73,1127.62,0.38,0.01,0.38,2.41,1507
2023/05/31 14:08:14.343,LocalForwarder2,result,result,42,1086,2921.59,164.7,1104.21,0.38,0.01,0.38,2.59,1509
2023/05/31 14:08:15.818,LocalForwarder2,result,result,43,1087,3548.06,169.33,1472.77,0.38,0.01,0.38,2.63,1511
2023/05/31 14:08:16.219,LocalForwarder2,result,result,45,1088,2853.47,164.36,399.28,0.38,0.01,0.38,2.45,1512
2023/05/31 14:08:16.757,LocalForwarder2,result,result,47,1089,2199.23,164.52,536.35,0.38,0.02,0.38,2.4,1513
2023/05/31 14:08:18.493,LocalForwarder2,result,result,48,1090,2559.73,169.46,1735.14,0.38,0.01,0.38,2.43,1516
2023/05/31 14:08:19.953,LocalForwarder2,result,result,49,1091,3547.73,172.06,1457.86,0.32,0.01,0.32,2.51,1518
2023/05/31 14:08:20.087,LocalForwarder2,result,result,15,1092,11013.52,163.85,131.97,0.38,0.01,0.38,2.4,1519
2023/05/31 14:08:22.253,LocalForwarder2,result,result,17,1093,11075.58,169.54,2163.99,0.38,0.01,0.38,2.51,1521
2023/05/31 14:08:22.894,LocalForwarder2,result,result,51,1094,5962.59,165.25,638.9,0.38,0.01,0.38,3.03,1522
2023/05/31 14:08:24.928,LocalForwarder2,result,result,52,1095,6294.28,169.46,2030.37,0.38,0.01,0.38,4.82,1524
2023/05/31 14:08:28.035,LocalForwarder2,result,result,54,1096,7900.81,169.36,3105.11,0.38,0.01,0.38,5.1,1525
2023/05/31 14:08:29.654,LocalForwarder2,result,result,55,1097,6640.5,169.69,1616.62,0.38,0.01,0.38,5.27,1526
2023/05/31 14:08:33.296,LocalForwarder2,result,result,56,1098,7926.74,168.43,3643.08,0.38,0.01,0.38,2.55,1528
2023/05/31 14:08:44.003,LocalForwarder2,result,result,58,1099,15800.69,169.49,10705.2,0.38,0.01,0.38,2.94,1529
2023/05/31 14:08:56.083,LocalForwarder2,result,result,61,1100,22607.8,165.24,12078.99,0.38,0.01,0.38,2.64,1532
2023/05/31 14:08:56.594,LocalForwarder2,result,result,62,1101,23108.97,164.24,509.17,0.38,0.01,0.38,2.55,1533
2023/05/31 14:08:57.120,LocalForwarder2,result,result,18,1102,45943.06,165.99,524.03,0.38,0.01,0.38,2.74,1534
2023/05/31 14:08:57.945,LocalForwarder2,result,result,20,1103,44598.99,169.41,819.38,0.32,0.01,0.32,5.31,1535
2023/05/31 14:08:58.166,LocalForwarder2,result,result,63,1104,13942.28,164.6,222.34,0.38,0.01,0.38,2.48,1536
2023/05/31 14:08:59.036,LocalForwarder2,result,result,21,1105,45677.39,164.45,868.06,0.38,0.01,0.38,2.8,1538
2023/05/31 14:08:59.650,LocalForwarder2,result,result,67,1106,413.89,169.69,609.42,0.38,0.01,0.38,5.69,1539
2023/05/31 14:09:00.793,LocalForwarder2,result,result,68,1107,1550.42,164.21,1144.74,0.38,0.01,0.38,2.68,1541
2023/05/31 14:09:01.325,LocalForwarder2,result,result,23,1108,9766.44,178.43,526.42,0.32,0.01,0.32,5.54,1542
2023/05/31 14:09:02.292,LocalForwarder2,result,result,69,1109,3023.89,164.21,967.99,0.32,0.01,0.32,2.7,1544
2023/05/31 14:09:03.792,LocalForwarder2,result,result,26,1110,9981.14,169.02,1497.0,0.32,0.01,0.32,4.71,1547
2023/05/31 14:09:04.714,LocalForwarder2,result,result,27,1111,10890.95,164.83,921.94,0.32,0.01,0.32,2.53,1550
2023/05/31 14:09:05.732,LocalForwarder2,result,result,72,1112,1410.73,167.48,1015.97,0.32,0.01,0.32,2.41,1552
2023/05/31 14:09:07.414,LocalForwarder2,result,result,74,1113,771.98,169.78,1678.57,0.32,0.01,0.32,4.86,1554
2023/05/31 14:09:09.020,LocalForwarder2,result,result,76,1114,848.49,168.12,1603.59,0.32,0.01,0.32,4.81,1556
2023/05/31 14:09:12.730,LocalForwarder2,result,result,82,1115,405.59,169.9,3710.95,0.32,0.01,0.32,2.61,1562
2023/05/31 14:09:13.276,LocalForwarder2,result,result,83,1116,935.12,164.42,543.5,0.32,0.01,0.32,2.6,1564
2023/05/31 14:09:14.273,LocalForwarder2,result,result,85,1117,655.53,169.83,995.6,0.32,0.01,0.32,2.59,1565
2023/05/31 14:09:14.845,LocalForwarder2,result,result,86,1118,1205.31,163.62,568.05,0.32,0.01,0.32,5.11,1566
2023/05/31 14:09:18.651,LocalForwarder2,result,result,89,1119,1531.98,169.92,3803.53,0.32,0.01,0.32,5.24,1569
2023/05/31 14:09:19.854,LocalForwarder2,result,result,91,1120,662.47,169.38,1201.44,0.32,0.01,0.32,5.19,1572
2023/05/31 14:09:20.784,LocalForwarder2,result,result,93,1121,576.1,165.16,928.96,0.32,0.01,0.32,3.85,1573
2023/05/31 14:09:21.529,LocalForwarder2,result,result,94,1122,1302.88,170.03,743.38,0.32,0.01,0.32,3.43,1575
2023/05/31 14:09:22.306,LocalForwarder2,result,result,95,1123,2057.79,164.12,776.2,0.32,0.01,0.32,2.44,1576
2023/05/31 14:09:23.498,LocalForwarder2,result,result,98,1124,659.21,168.47,1185.33,0.32,0.01,0.32,6.49,1578
2023/05/31 14:09:25.047,LocalForwarder2,result,result,101,1125,533.48,174.46,1548.66,0.32,0.01,0.32,4.83,1581
2023/05/31 14:09:25.969,LocalForwarder2,result,result,103,1126,512.52,164.04,922.86,0.32,0.01,0.32,2.5,1583
2023/05/31 14:09:27.297,LocalForwarder2,result,result,106,1127,416.91,169.31,1325.58,0.32,0.01,0.32,2.7,1586
2023/05/31 14:09:29.966,LocalForwarder2,result,result,110,1128,734.31,170.25,2665.12,0.32,0.01,0.32,4.93,1591
2023/05/31 14:09:30.892,LocalForwarder2,result,result,111,1129,1652.03,163.95,926.92,0.32,0.01,0.32,2.58,1593
2023/05/31 14:09:31.848,LocalForwarder2,result,result,113,1130,734.67,168.85,950.99,0.32,0.01,0.32,5.13,1594
2023/05/31 14:09:33.740,LocalForwarder2,result,result,116,1131,819.52,169.49,1890.93,0.32,0.01,0.32,5.12,1597
2023/05/31 14:09:35.113,LocalForwarder2,result,result,118,1132,962.15,169.29,1370.9,0.32,0.01,0.32,5.21,1599
2023/05/31 14:09:36.670,LocalForwarder2,result,result,121,1133,514.51,169.88,1554.86,0.32,0.01,0.32,4.88,1602
2023/05/31 14:09:37.507,LocalForwarder2,result,result,122,1134,1343.56,163.95,838.32,0.32,0.01,0.32,2.54,1603
2023/05/31 14:09:38.727,LocalForwarder2,result,result,124,1135,783.25,168.41,1214.68,0.32,0.01,0.32,5.4,1605
2023/05/31 14:09:39.488,LocalForwarder2,result,result,125,1136,1538.92,163.91,762.78,0.32,0.01,0.32,2.25,1606
2023/05/31 14:09:41.628,LocalForwarder2,result,result,129,1137,575.99,168.71,2136.08,0.32,0.01,0.32,4.78,1610
2023/05/31 14:09:42.384,LocalForwarder2,result,result,130,1138,1308.91,165.2,753.71,0.32,0.01,0.32,4.22,1611
2023/05/31 14:09:43.179,LocalForwarder2,result,result,131,1139,2086.72,169.75,791.25,0.32,0.01,0.32,4.62,1613
2023/05/31 14:09:44.531,LocalForwarder2,result,result,134,1140,449.87,170.12,1346.39,0.32,0.01,0.32,8.52,1615
2023/05/31 14:09:45.199,LocalForwarder2,result,result,135,1141,1111.11,163.37,673.52,0.32,0.01,0.32,2.32,1616
2023/05/31 14:09:46.069,LocalForwarder2,result,result,136,1142,1953.64,169.89,867.78,0.32,0.01,0.32,2.7,1618
2023/05/31 14:09:46.842,LocalForwarder2,result,result,137,1143,2201.75,163.91,771.35,0.32,0.01,0.32,2.72,1619
2023/05/31 14:09:47.646,LocalForwarder2,result,result,138,1144,2292.23,169.53,794.7,0.32,0.01,0.32,8.44,1620
2023/05/31 14:09:48.631,LocalForwarder2,result,result,139,1145,2419.88,164.02,987.63,0.32,0.05,0.32,3.42,1621
2023/05/31 14:09:49.577,LocalForwarder2,result,result,140,1146,2579.32,168.97,945.98,0.32,0.01,0.32,2.79,1623
2023/05/31 14:09:51.396,LocalForwarder2,result,result,144,1147,778.94,177.29,1793.93,0.32,0.02,0.32,19.78,1625
2023/05/31 14:09:52.103,LocalForwarder2,result,result,145,1148,1495.71,163.86,722.96,0.32,0.01,0.32,2.39,1626
2023/05/31 14:09:52.618,LocalForwarder2,result,result,146,1149,1979.52,169.69,510.23,0.32,0.01,0.32,5.38,1628
2023/05/31 14:09:53.259,LocalForwarder2,result,result,147,1150,1784.66,165.77,639.21,0.32,0.01,0.32,4.32,1629
2023/05/31 14:09:54.146,LocalForwarder2,result,result,148,1151,1935.37,168.47,882.7,0.32,0.01,0.32,6.28,1630
2023/05/31 14:09:54.971,LocalForwarder2,result,result,149,1152,2192.14,163.46,826.84,0.32,0.01,0.32,2.75,1631
2023/05/31 14:09:55.636,LocalForwarder2,result,result,150,1153,2209.55,171.77,663.46,0.32,0.02,0.32,2.67,1633
2023/05/31 14:09:56.228,LocalForwarder2,result,result,151,1154,1938.87,164.1,590.55,0.32,0.01,0.32,2.42,1634
2023/05/31 14:09:56.921,LocalForwarder2,result,result,152,1155,1791.93,168.85,683.86,0.32,0.01,0.32,9.33,1635
2023/05/31 14:09:57.708,LocalForwarder2,result,result,154,1156,1919.26,164.26,792.61,0.32,0.01,0.32,2.41,1636
2023/05/31 14:09:58.504,LocalForwarder2,result,result,156,1157,2016.27,168.49,791.1,0.32,0.01,0.32,4.15,1638
2023/05/31 14:09:59.333,LocalForwarder2,result,result,158,1158,533.99,164.44,829.52,0.32,0.01,0.32,2.44,1639
2023/05/31 14:10:01.766,LocalForwarder2,result,result,161,1159,520.75,168.75,2426.52,0.32,0.01,0.32,6.15,1642
2023/05/31 14:10:02.500,LocalForwarder2,result,result,162,1160,1248.26,164.78,734.91,0.32,0.01,0.32,2.95,1643
2023/05/31 14:10:04.072,LocalForwarder2,result,result,165,1161,486.34,168.11,1571.14,0.32,0.01,0.32,2.58,1646
2023/05/31 14:10:05.277,LocalForwarder2,result,result,167,1162,603.01,168.21,1200.35,0.32,0.01,0.32,5.22,1648
2023/05/31 14:10:06.417,LocalForwarder2,result,result,169,1163,616.47,163.38,1140.38,0.32,0.01,0.32,2.6,1650
2023/05/31 14:10:07.594,LocalForwarder2,result,result,171,1164,595.01,171.23,1172.91,0.32,0.02,0.32,4.68,1652
2023/05/31 14:12:15.758,LocalForwarder2,result,result,2,1165,9830.86,439.79,128162.4,0.32,0.01,0.32,3.08,1656
2023/05/31 14:12:15.885,LocalForwarder2,result,result,5,1166,9632.12,163.44,125.53,0.32,0.01,0.32,2.61,1658
2023/05/31 14:12:16.246,LocalForwarder2,result,result,6,1167,9977.5,163.81,356.61,0.32,0.01,0.32,5.03,1660
2023/05/31 14:12:16.625,LocalForwarder2,result,result,10,1168,9525.11,163.62,380.08,0.32,0.01,0.32,2.58,1662
2023/05/31 14:12:17.002,LocalForwarder2,result,result,11,1169,9902.54,167.06,375.7,0.32,0.01,0.32,2.54,1664
2023/05/31 14:12:17.330,LocalForwarder2,result,result,12,1170,9978.8,164.06,325.94,0.32,0.01,0.32,2.57,1666
2023/05/31 14:12:17.671,LocalForwarder2,result,result,15,1171,9847.65,164.22,338.09,0.32,0.01,0.32,2.74,1668
2023/05/31 14:13:18.757,LocalForwarder2,result,result,17,1172,70611.72,165.26,61084.26,0.32,0.01,0.32,2.54,1670
2023/05/31 14:13:19.046,LocalForwarder2,result,result,18,1173,70595.83,163.53,288.54,0.32,0.01,0.32,2.29,1671
